Workbook
Name C_: #REF!
Name Critères_respectés: #REF!
Name P21_: Échantillon!$A$32

Sheet Échantillon
A1: Capgemini ♠ | B1: Grille RGAA 4.1.2
A2: Date
A3: Auditeur
A4: Client
A5: Service numérique
A6: Informations
A7: Pour rappel, les pages obligatoires dans un échantillon d'audit sont : - Page d'accueil - Page contact - Page mentions légale - Page « accessibilité » (page comprenant la déclaration d’accessibilité) - Page aide - Page plan du site - Page d’authentification
A9: Échantillon évalué
A11: N° page | B11: Titre de la page | C11: URL | D11: Eléments Transverses
A12: P01
A13: P02
A14: P03
A15: P04
A16: P05
A17: P06
A18: P07
A19: P08
A20: P09
A21: P10
A22: P11
A23: P12
... A51: P40

Sheet Synthèse
B1: =Échantillon!B1 -> Grille RGAA 4.1.2 | C1: | Synthèse des résultats
A3: Évaluation de taux conformité globale au RGAA | J3: Informations
A4: Le pourcentage de critères RGAA respectés s’obtient en divisant le nombre de critères conformes par le nombre de critères applicables (conformes + non conformes) Rappel sur les états de conformités du taux de conformité global au RGAA : - Totalement conforme : si 100 % des critères de contrôle sont respectés - Partiellement conforme : si au moins 50 % des critères de contrôle sont respectés - Non conforme : si moins de 50 % des critères de contrôle sont respectés | J4: Légende : - C : Conforme - Le critère est conforme pour l'ensemble des éléments de la page - NC : Non conforme - Le critère n'est pas conforme - NA : Non applicable - Ou bien aucun élément dans la page ne concerne le critère, ou bien le seul contenu qui concerne le critère est exempté, ou bien le seul contenu qui concerne le critère est soumis à dérogation et il propose une alternative numérique accessible - D : Dérogation - Critère dont la correction constituerait une charge disproportionnée ------------------------------------------------------------------------------------------------------------ - NT : Non testé - Le critère n'est pas testé. Ce statut sert à mesurer l'évolution de l'audit Un critère est jugé non conforme dans l'évaluation globale à partir du moment où il existe une page de l'échantillon pour laquelle ce critère n'est pas conforme.
D6: RGAA
A7: Etat de conformité | D7: =IF(D10+E10=0,"En attente de données",IF(D8=100%,"Totalement conforme",IF(D8<50%,"Non conforme",IF(D8>=50%,"Partiellement conforme")))) -> En attente de données
A8: Taux de conformité global | D8: ='Visualisation d''ensemble'!AW6 -> En attente de données
A9: Total critères | D9: C | E9: NC | F9: NA | G9: D
D10: ='Visualisation d''ensemble'!AW3 -> 0 | E10: ='Visualisation d''ensemble'!AW4 -> 0 | F10: ='Visualisation d''ensemble'!AW5 -> 0 | G10: ='Visualisation d''ensemble'!AZ6 -> 0
A11: Taux moyen de conformité du service | H11: =IF(C14>0,AVERAGE(_xlfn.ANCHORARRAY(H15)),"")
A13: RGAA : résultats pas pages
A14: Nombre de pages auditées : | C14: =COUNT(H15:H36) -> 0 | D14: C | E14: NC | F14: NA | G14: D | H14: Taux par page
A15: =Échantillon!A12 -> P01 | B15: =IF(VLOOKUP(A15,Échantillon!A11:D51,2,FALSE)="","",VLOOKUP(A15,Échantillon!A11:D51,2,FALSE)) | D15: {=TRANSPOSE('Visualisation d''ensemble'!F3:AS3)} -> 0 | E15: {=TRANSPOSE('Visualisation d''ensemble'!F4:AS4)} -> 0 | F15: {=TRANSPOSE('Visualisation d''ensemble'!F5:AS5)} -> 0 | G15: {=TRANSPOSE('Visualisation d''ensemble'!BA6:CN6)} -> 0 | H15: {=TRANSPOSE('Visualisation d''ensemble'!F6:AS6)}
A16: =Échantillon!A13 -> P02 | B16: =IF(VLOOKUP(A16,Échantillon!A12:D52,2,FALSE)="","",VLOOKUP(A16,Échantillon!A12:D52,2,FALSE)) | D16: 0 | E16: 0 | F16: 0 | G16: 0
A17: =Échantillon!A14 -> P03 | B17: =IF(VLOOKUP(A17,Échantillon!A13:D53,2,FALSE)="","",VLOOKUP(A17,Échantillon!A13:D53,2,FALSE)) | D17: 0 | E17: 0 | F17: 0 | G17: 0
A18: =Échantillon!A15 -> P04 | B18: =IF(VLOOKUP(A18,Échantillon!A14:D54,2,FALSE)="","",VLOOKUP(A18,Échantillon!A14:D54,2,FALSE)) | D18: 0 | E18: 0 | F18: 0 | G18: 0
A19: =Échantillon!A16 -> P05 | B19: =IF(VLOOKUP(A19,Échantillon!A15:D55,2,FALSE)="","",VLOOKUP(A19,Échantillon!A15:D55,2,FALSE)) | D19: 0 | E19: 0 | F19: 0 | G19: 0
A20: =Échantillon!A17 -> P06 | B20: =IF(VLOOKUP(A20,Échantillon!A16:D56,2,FALSE)="","",VLOOKUP(A20,Échantillon!A16:D56,2,FALSE)) | D20: 0 | E20: 0 | F20: 0 | G20: 0
A21: =Échantillon!A18 -> P07 | B21: =IF(VLOOKUP(A21,Échantillon!A17:D57,2,FALSE)="","",VLOOKUP(A21,Échantillon!A17:D57,2,FALSE)) | D21: 0 | E21: 0 | F21: 0 | G21: 0
A22: =Échantillon!A19 -> P08 | B22: =IF(VLOOKUP(A22,Échantillon!A18:D58,2,FALSE)="","",VLOOKUP(A22,Échantillon!A18:D58,2,FALSE)) | D22: 0 | E22: 0 | F22: 0 | G22: 0
A23: =Échantillon!A20 -> P09 | B23: =IF(VLOOKUP(A23,Échantillon!A19:D59,2,FALSE)="","",VLOOKUP(A23,Échantillon!A19:D59,2,FALSE)) | D23: 0 | E23: 0 | F23: 0 | G23: 0
A24: =Échantillon!A21 -> P10 | B24: =IF(VLOOKUP(A24,Échantillon!A20:D60,2,FALSE)="","",VLOOKUP(A24,Échantillon!A20:D60,2,FALSE)) | D24: 0 | E24: 0 | F24: 0 | G24: 0
A25: =Échantillon!A22 -> P11 | B25: =IF(VLOOKUP(A25,Échantillon!A21:D61,2,FALSE)="","",VLOOKUP(A25,Échantillon!A21:D61,2,FALSE)) | D25: 0 | E25: 0 | F25: 0 | G25: 0
A26: =Échantillon!A23 -> P12 | B26: =IF(VLOOKUP(A26,Échantillon!A22:D62,2,FALSE)="","",VLOOKUP(A26,Échantillon!A22:D62,2,FALSE)) | D26: 0 | E26: 0 | F26: 0 | G26: 0
A27: =Échantillon!A24 -> P13 | B27: =IF(VLOOKUP(A27,Échantillon!A23:D63,2,FALSE)="","",VLOOKUP(A27,Échantillon!A23:D63,2,FALSE)) | D27: 0 | E27: 0 | F27: 0 | G27: 0
... A54: =Échantillon!A51 -> P40 | B54: =IF(VLOOKUP(A54,Échantillon!A50:D90,2,FALSE)="","",VLOOKUP(A54,Échantillon!A50:D90,2,FALSE)) | D54: 0 | E54: 0 | F54: 0 | G54: 0

Sheet Critères et tests
A1: =Échantillon!$A$1 -> Capgemini ♠ | B1: | Liste des critères RGAA 4.1.2
A2: n°critères | B2: Thématique | C2: Niveau WCAG | D2: Référenciel | E2: Intitulé des critères | F2: Statut et nombre de pages où le critère est non conforme | G2: Déficiences concernées | H2: Planification des correctifs | I2: Impacts utilisateurs | J2: Méthodologie de test du RGAA
A3: 1.1 | B3: IMAGES | C3: A | D3: RGAA | E3: Chaque image porteuse d’information a-t-elle une alternative textuelle ? | F3: ='Visualisation d''ensemble'!$AW8&CHAR(10)&'Visualisation d''ensemble'!$AU8 -> NT 0 | G3: Aveugles Déficients visuels | H3: Principale | I3: Majeur | J3: Tests et références du critère 1.1
A4: 1.2 | B4: IMAGES | C4: A | D4: RGAA | E4: Chaque image de décoration est-elle correctement ignorée par les technologies d’assistance ? | F4: ='Visualisation d''ensemble'!$AW9&CHAR(10)&'Visualisation d''ensemble'!$AU9 -> NT 0 | G4: Aveugles Déficients visuels | H4: Faible à important | I4: Faible à fort | J4: Tests et références du critère 1.2
A5: 1.3 | B5: IMAGES | C5: A | D5: RGAA | E5: Pour chaque image porteuse d'information ayant une alternative textuelle, cette alternative est-elle pertinente (hors cas particuliers) ? | F5: ='Visualisation d''ensemble'!$AW10&CHAR(10)&'Visualisation d''ensemble'!$AU10 -> NT 0 | G5: Aveugles Déficients visuels | H5: Principale | I5: Majeur | J5: Tests et références du critère 1.3
A6: 1.4 | B6: IMAGES | C6: A | D6: RGAA | E6: Pour chaque image utilisée comme CAPTCHA ou comme image-test, ayant une alternative textuelle, cette alternative permet-elle d’identifier la nature et la fonction de l’image ? | F6: ='Visualisation d''ensemble'!$AW11&CHAR(10)&'Visualisation d''ensemble'!$AU11 -> NT 0 | G6: Aveugles, Déficients visuels, Dyslexiques | H6: Principale | I6: Majeur | J6: Tests et références du critère 1.4
A7: 1.5 | B7: IMAGES | C7: A | D7: RGAA | E7: Pour chaque image utilisée comme CAPTCHA, une solution d’accès alternatif au contenu ou à la fonction du CAPTCHA est-elle présente ? | F7: ='Visualisation d''ensemble'!$AW12&CHAR(10)&'Visualisation d''ensemble'!$AU12 -> NT 0 | G7: Aveugles, Déficients visuels, Dyslexiques | H7: Principale | I7: Majeur | J7: Tests et références du critère 1.5
A8: 1.6 | B8: IMAGES | C8: A | D8: RGAA | E8: Chaque image porteuse d’information a-t-elle, si nécessaire, une description détaillée ? | F8: ='Visualisation d''ensemble'!$AW13&CHAR(10)&'Visualisation d''ensemble'!$AU13 -> NT 0 | G8: Aveugles, Déficients visuels, Dyslexiques | H8: Principale | I8: Majeur | J8: Tests et références du critère 1.6
A9: 1.7 | B9: IMAGES | C9: A | D9: RGAA | E9: Pour chaque image porteuse d’information ayant une description détaillée, cette description est-elle pertinente ? | F9: ='Visualisation d''ensemble'!$AW14&CHAR(10)&'Visualisation d''ensemble'!$AU14 -> NT 0 | G9: Aveugles, Déficients visuels, Dyslexiques | H9: Principale | I9: Majeur | J9: Tests et références du critère 1.7
A10: 1.8 | B10: IMAGES | C10: AA | D10: RGAA | E10: Chaque image texte porteuse d’information, en l’absence d’un mécanisme de remplacement, doit si possible être remplacée par du texte stylé. Cette règle est-elle respectée (hors cas particuliers) ? | F10: ='Visualisation d''ensemble'!$AW15&CHAR(10)&'Visualisation d''ensemble'!$AU15 -> NT 0 | G10: Aveugles, Déficients visuels, Dyslexiques | H10: Moyen à important | I10: Modéré à fort | J10: Tests et références du critère 1.8
A11: 1.9 | B11: IMAGES | C11: A | D11: RGAA | E11: Chaque légende d’image est-elle, si nécessaire, correctement reliée à l’image correspondante ? | F11: ='Visualisation d''ensemble'!$AW16&CHAR(10)&'Visualisation d''ensemble'!$AU16 -> NT 0 | G11: Aveugles | H11: Important à principale | I11: Fort à majeur | J11: Tests et références du critère 1.9
A12: 2.1 | B12: CADRE | C12: A | D12: RGAA | E12: Chaque cadre a-t-il un titre de cadre ? | F12: ='Visualisation d''ensemble'!$AW17&CHAR(10)&'Visualisation d''ensemble'!$AU17 -> NT 0 | G12: Aveugles | H12: Important à principale | I12: Faible à fort | J12: Tests et références du critère 2.1
A13: 2.2 | B13: CADRE | C13: A | D13: RGAA | E13: Pour chaque cadre ayant un titre de cadre, ce titre de cadre est-il pertinent ? | F13: ='Visualisation d''ensemble'!$AW18&CHAR(10)&'Visualisation d''ensemble'!$AU18 -> NT 0 | G13: Aveugles | H13: Faible à important | I13: Faible à fort | J13: Tests et références du critère 2.2
A14: 3.1 | B14: COULEURS | C14: A | D14: RGAA | E14: Dans chaque page web, l’information ne doit pas être donnée uniquement par la couleur. Cette règle est-elle respectée ? | F14: ='Visualisation d''ensemble'!$AW19&CHAR(10)&'Visualisation d''ensemble'!$AU19 -> NT 0 | G14: Aveugles Déficients visuels | H14: Faible à important | I14: Fort à majeur | J14: Tests et références du critère 3.1
... A44: 7.5 | B44: SCRIPTS | C44: AA | D44: RGAA | E44: Dans chaque page web, les messages de statut sont-ils correctement restitués par les technologies d’assistance ? | F44: ='Visualisation d''ensemble'!$AW49&CHAR(10)&'Visualisation d''ensemble'!$AU49 -> NT 0 | G44: Aveugles Déficients visuels | H44: Principale | I44: Fort à majeur | J44: Tests et références du critère 7.5
A45: 8.1 | B45: =UPPER("éLéMENTS OBLIGATOIRES") -> ÉLÉMENTS OBLIGATOIRES | C45: A | D45: RGAA | E45: Chaque page web est-elle définie par un type de document ? | F45: ='Visualisation d''ensemble'!$AW50&CHAR(10)&'Visualisation d''ensemble'!$AU50 -> NT 0 | G45: Tous les utilisateurs | H45: Normal | I45: Faible à modéré | J45: Tests et références du critère 8.1
A46: 8.2 | B46: =UPPER("éLéMENTS OBLIGATOIRES") -> ÉLÉMENTS OBLIGATOIRES | C46: A | D46: RGAA | E46: Pour chaque page web, le code source généré est-il valide selon le type de document spécifié (hors cas particuliers) ? | F46: ='Visualisation d''ensemble'!$AW51&CHAR(10)&'Visualisation d''ensemble'!$AU51 -> NT 0 | G46: Tous les utilisateurs | H46: Normal | I46: Faible à modéré | J46: Tests et références du critère 8.2
A47: 8.3 | B47: =UPPER("éLéMENTS OBLIGATOIRES") -> ÉLÉMENTS OBLIGATOIRES | C47: A | D47: RGAA | E47: Dans chaque page web, la langue par défaut est-elle présente ? | F47: ='Visualisation d''ensemble'!$AW52&CHAR(10)&'Visualisation d''ensemble'!$AU52 -> NT 0 | G47: Aveugles | H47: Principale | I47: Fort | J47: Tests et références du critère 8.3
A48: 8.4 | B48: =UPPER("éLéMENTS OBLIGATOIRES") -> ÉLÉMENTS OBLIGATOIRES | C48: A | D48: RGAA | E48: Pour chaque page web ayant une langue par défaut, le code de langue est-il pertinent ? | F48: ='Visualisation d''ensemble'!$AW53&CHAR(10)&'Visualisation d''ensemble'!$AU53 -> NT 0 | G48: Aveugles | H48: Principale | I48: Fort | J48: Tests et références du critère 8.4
A49: 8.5 | B49: =UPPER("éLéMENTS OBLIGATOIRES") -> ÉLÉMENTS OBLIGATOIRES | C49: A | D49: RGAA | E49: Chaque page web a-t-elle un titre de page ? | F49: ='Visualisation d''ensemble'!$AW54&CHAR(10)&'Visualisation d''ensemble'!$AU54 -> NT 0 | G49: Aveugles Handicapés moteurs | H49: Principale | I49: Fort à majeur | J49: Tests et références du critère 8.5
A50: 8.6 | B50: =UPPER("éLéMENTS OBLIGATOIRES") -> ÉLÉMENTS OBLIGATOIRES | C50: A | D50: RGAA | E50: Pour chaque page web ayant un titre de page, ce titre est-il pertinent ? | F50: ='Visualisation d''ensemble'!$AW55&CHAR(10)&'Visualisation d''ensemble'!$AU55 -> NT 0 | G50: Aveugles Handicapés moteurs | H50: Important à principale | I50: Fort à majeur | J50: Tests et références du critère 8.6
A51: 8.7 | B51: =UPPER("éLéMENTS OBLIGATOIRES") -> ÉLÉMENTS OBLIGATOIRES | C51: AA | D51: RGAA | E51: Dans chaque page web, chaque changement de langue est-il indiqué dans le code source (hors cas particuliers) ? | F51: ='Visualisation d''ensemble'!$AW56&CHAR(10)&'Visualisation d''ensemble'!$AU56 -> NT 0 | G51: Aveugles | H51: Important à principale | I51: Fort | J51: Tests et références du critère 8.7
A52: 8.8 | B52: =UPPER("éLéMENTS OBLIGATOIRES") -> ÉLÉMENTS OBLIGATOIRES | C52: AA | D52: RGAA | E52: Dans chaque page web, le code de langue de chaque changement de langue est-il valide et pertinent ? | F52: ='Visualisation d''ensemble'!$AW57&CHAR(10)&'Visualisation d''ensemble'!$AU57 -> NT 0 | G52: Aveugles | H52: Important à principale | I52: Fort | J52: Tests et références du critère 8.8
A53: 8.9 | B53: =UPPER("éLéMENTS OBLIGATOIRES") -> ÉLÉMENTS OBLIGATOIRES | C53: A | D53: RGAA | E53: Dans chaque page web, les balises ne doivent pas être utilisées uniquement à des fins de présentation. Cette règle est-elle respectée ? | F53: ='Visualisation d''ensemble'!$AW58&CHAR(10)&'Visualisation d''ensemble'!$AU58 -> NT 0 | G53: Aveugles | H53: Important | I53: Faible à majeur | J53: Tests et références du critère 8.9
A54: 8.10 | B54: =UPPER("éLéMENTS OBLIGATOIRES") -> ÉLÉMENTS OBLIGATOIRES | C54: A | D54: RGAA | E54: Dans chaque page web, les changements du sens de lecture sont-ils signalés ? | F54: ='Visualisation d''ensemble'!$AW59&CHAR(10)&'Visualisation d''ensemble'!$AU59 -> NT 0 | G54: Aveugles | H54: Important à principale | I54: Fort | J54: Tests et références du critère 8.10
A55: 9.1 | B55: STRUCTURATION | C55: A | D55: RGAA | E55: Dans chaque page web, l’information est-elle structurée par l’utilisation appropriée de titres ? | F55: ='Visualisation d''ensemble'!$AW60&CHAR(10)&'Visualisation d''ensemble'!$AU60 -> NT 0 | G55: Aveugles Handicapés moteurs | H55: Important à principale | I55: Modéré à fort | J55: Tests et références du critère 9.1
A56: 9.2 | B56: STRUCTURATION | C56: A | D56: RGAA | E56: Dans chaque page web, la structure du document est-elle cohérente (hors cas particuliers) ? | F56: ='Visualisation d''ensemble'!$AW61&CHAR(10)&'Visualisation d''ensemble'!$AU61 -> NT 0 | G56: Aveugles Handicapés moteurs | H56: Faible à modéré | I56: Modéré à fort | J56: Tests et références du critère 9.2
A57: 9.3 | B57: STRUCTURATION | C57: A | D57: RGAA | E57: Dans chaque page web, chaque liste est-elle correctement structurée ? | F57: ='Visualisation d''ensemble'!$AW62&CHAR(10)&'Visualisation d''ensemble'!$AU62 -> NT 0 | G57: Aveugles | H57: Faible à modéré | I57: Modéré à fort | J57: Tests et références du critère 9.3
A58: 9.4 | B58: STRUCTURATION | C58: A | D58: RGAA | E58: Dans chaque page web, chaque citation est-elle correctement indiquée ? | F58: ='Visualisation d''ensemble'!$AW63&CHAR(10)&'Visualisation d''ensemble'!$AU63 -> NT 0 | G58: Aveugles | H58: Important | I58: Faible à fort | J58: Tests et références du critère 9.4
A59: 10.1 | B59: =UPPER("PRéSENTATION") -> PRÉSENTATION | C59: A | D59: RGAA | E59: Dans le site web, des feuilles de styles sont-elles utilisées pour contrôler la présentation de l’information ? | F59: ='Visualisation d''ensemble'!$AW64&CHAR(10)&'Visualisation d''ensemble'!$AU64 -> NT 0 | G59: Déficients visuels Déficient cognitifs | H59: Important | I59: Fort à majeur | J59: Tests et références du critère 10.1
A60: 10.2 | B60: =UPPER("PRéSENTATION") -> PRÉSENTATION | C60: A | D60: RGAA | E60: Dans chaque page web, le contenu visible porteur d’information reste-t-il présent lorsque les feuilles de styles sont désactivées ? | F60: ='Visualisation d''ensemble'!$AW65&CHAR(10)&'Visualisation d''ensemble'!$AU65 -> NT 0 | G60: Aveugles | H60: Important à principale | I60: Fort à majeur | J60: Tests et références du critère 10.2
A61: 10.3 | B61: =UPPER("PRéSENTATION") -> PRÉSENTATION | C61: A | D61: RGAA | E61: Dans chaque page web, l’information reste-t-elle compréhensible lorsque les feuilles de styles sont désactivées ? | F61: ='Visualisation d''ensemble'!$AW66&CHAR(10)&'Visualisation d''ensemble'!$AU66 -> NT 0 | G61: Aveugles | H61: Important à principale | I61: Fort à majeur | J61: Tests et références du critère 10.3
A62: 10.4 | B62: =UPPER("PRéSENTATION") -> PRÉSENTATION | C62: AA | D62: RGAA | E62: Dans chaque page web, le texte reste-t-il lisible lorsque la taille des caractères est augmentée jusqu’à 200%, au moins (hors cas particuliers) ? | F62: ='Visualisation d''ensemble'!$AW67&CHAR(10)&'Visualisation d''ensemble'!$AU67 -> NT 0 | G62: Déficients visuels | H62: Important | I62: Fort à majeur | J62: Tests et références du critère 10.4
A63: 10.5 | B63: =UPPER("PRéSENTATION") -> PRÉSENTATION | C63: AA | D63: RGAA | E63: Dans chaque page web, les déclarations CSS de couleurs de fond d’élément et de police sont-elles correctement utilisées ? | F63: ='Visualisation d''ensemble'!$AW68&CHAR(10)&'Visualisation d''ensemble'!$AU68 -> NT 0 | G63: Déficients visuels | H63: Important | I63: Fort à majeur | J63: Tests et références du critère 10.5
A64: 10.6 | B64: =UPPER("PRéSENTATION") -> PRÉSENTATION | C64: A | D64: RGAA | E64: Dans chaque page web, chaque lien dont la nature n’est pas évidente est-il visible par rapport au texte environnant ? | F64: ='Visualisation d''ensemble'!$AW69&CHAR(10)&'Visualisation d''ensemble'!$AU69 -> NT 0 | G64: Déficients visuels | H64: Faible à majeur | I64: Fort | J64: Tests et références du critère 10.6
A65: 10.7 | B65: =UPPER("PRéSENTATION") -> PRÉSENTATION | C65: A | D65: RGAA | E65: Dans chaque page web, pour chaque élément recevant le focus, la prise de focus est-elle visible ? | F65: ='Visualisation d''ensemble'!$AW70&CHAR(10)&'Visualisation d''ensemble'!$AU70 -> NT 0 | G65: Handicapés moteurs | H65: Important | I65: Fort à majeur | J65: Tests et références du critère 10.7
A66: 10.8 | B66: =UPPER("PRéSENTATION") -> PRÉSENTATION | C66: A | D66: RGAA | E66: Pour chaque page web, les contenus cachés ont-ils vocation à être ignorés par les technologies d’assistance ? | F66: ='Visualisation d''ensemble'!$AW71&CHAR(10)&'Visualisation d''ensemble'!$AU71 -> NT 0 | G66: Aveugles Déficients visuels | H66: Moyen à important | I66: Majeur | J66: Tests et références du critère 10.8
A67: 10.9 | B67: =UPPER("PRéSENTATION") -> PRÉSENTATION | C67: A | D67: RGAA | E67: Dans chaque page web, l’information ne doit pas être donnée uniquement par la forme, taille ou position. Cette règle est-elle respectée ? | F67: ='Visualisation d''ensemble'!$AW72&CHAR(10)&'Visualisation d''ensemble'!$AU72 -> NT 0 | G67: Aveugles | H67: Moyen à important | I67: Majeur | J67: Tests et références du critère 10.9
A68: 10.10 | B68: =UPPER("PRéSENTATION") -> PRÉSENTATION | C68: A | D68: RGAA | E68: Dans chaque page web, l’information ne doit pas être donnée par la forme, taille ou position uniquement. Cette règle est-elle implémentée de façon pertinente ? | F68: ='Visualisation d''ensemble'!$AW73&CHAR(10)&'Visualisation d''ensemble'!$AU73 -> NT 0 | G68: Aveugles | H68: Moyen à important | I68: Majeur | J68: Tests et références du critère 10.10
A69: 10.11 | B69: =UPPER("PRéSENTATION") -> PRÉSENTATION | C69: AA | D69: RGAA | E69: Pour chaque page web, les contenus peuvent-ils être présentés sans perte d’information ou de fonctionnalité et sans avoir recours soit à un défilement vertical pour une fenêtre ayant une hauteur de 256 px, soit à un défilement horizontal pour une fenêtre ayant une largeur de 320 px (hors cas particuliers) ? | F69: ='Visualisation d''ensemble'!$AW74&CHAR(10)&'Visualisation d''ensemble'!$AU74 -> NT 0 | G69: Déficients visuels Handicapés moteurs . | H69: Faible à important | I69: Fort à majeur | J69: Tests et références du critère 10.11
A70: 10.12 | B70: =UPPER("PRéSENTATION") -> PRÉSENTATION | C70: AA | D70: RGAA | E70: Dans chaque page web, les propriétés d’espacement du texte peuvent-elles être redéfinies par l’utilisateur sans perte de contenu ou de fonctionnalité (hors cas particuliers) ? | F70: ='Visualisation d''ensemble'!$AW75&CHAR(10)&'Visualisation d''ensemble'!$AU75 -> NT 0 | G70: Dyslexiques. | H70: Moyen | I70: Fort à majeur | J70: Tests et références du critère 10.12
... A72: 10.14 | B72: =UPPER("PRéSENTATION") -> PRÉSENTATION | C72: AA | D72: RGAA | E72: Dans chaque page web, les contenus additionnels apparaissant via les styles CSS uniquement peuvent-ils être rendus visibles au clavier et par tout dispositif de pointage ? | F72: ='Visualisation d''ensemble'!$AW77&CHAR(10)&'Visualisation d''ensemble'!$AU77 -> NT 0 | G72: Aveugles Déficients visuels Handicapés moteurs . | H72: Important à principale | I72: Fort à majeur | J72: Tests et références du critère 10.14
A73: 11.1 | B73: FORMULAIRES | C73: A | D73: RGAA | E73: Chaque champ de formulaire a-t-il une étiquette ? | F73: ='Visualisation d''ensemble'!$AW78&CHAR(10)&'Visualisation d''ensemble'!$AU78 -> NT 0 | G73: Aveugles Déficients visuels Handicapés moteurs Handicapés intellectuels Handicapés cognitifs | H73: Important à principale | I73: Fort à majeur | J73: Tests et références du critère 11.1
A74: 11.2 | B74: FORMULAIRES | C74: A | D74: RGAA | E74: Chaque étiquette associée à un champ de formulaire est-elle pertinente (hors cas particuliers) ? | F74: ='Visualisation d''ensemble'!$AW79&CHAR(10)&'Visualisation d''ensemble'!$AU79 -> NT 0 | G74: Aveugles Déficients visuels Handicapés moteurs Handicapés intellectuels Handicapés cognitifs | H74: Important à principale | I74: Fort à majeur | J74: Tests et références du critère 11.2
A75: 11.3 | B75: FORMULAIRES | C75: A | D75: RGAA | E75: Dans chaque formulaire, chaque étiquette associée à un champ de formulaire ayant la même fonction et répétée plusieurs fois dans une même page ou dans un ensemble de pages est-elle cohérente ? | F75: ='Visualisation d''ensemble'!$AW80&CHAR(10)&'Visualisation d''ensemble'!$AU80 -> NT 0 | G75: Aveugles Déficients visuels Handicapés moteurs Handicapés intellectuels Handicapés cognitifs | H75: Important à principale | I75: Fort à majeur | J75: Tests et références du critère 11.3
A76: 11.4 | B76: FORMULAIRES | C76: A | D76: RGAA | E76: Dans chaque formulaire, chaque étiquette de champ et son champ associé sont-ils accolés (hors cas particuliers) ? | F76: ='Visualisation d''ensemble'!$AW81&CHAR(10)&'Visualisation d''ensemble'!$AU81 -> NT 0 | G76: Déficients visuels | H76: Important à principale | I76: Modéré à fort | J76: Tests et références du critère 11.4
A77: 11.5 | B77: FORMULAIRES | C77: A | D77: RGAA | E77: Dans chaque formulaire, les champs de même nature sont-ils regroupés, si nécessaire ? | F77: ='Visualisation d''ensemble'!$AW82&CHAR(10)&'Visualisation d''ensemble'!$AU82 -> NT 0 | G77: Aveugles Déficients visuels | H77: Important | I77: Fort à majeur | J77: Tests et références du critère 11.5
A78: 11.6 | B78: FORMULAIRES | C78: A | D78: RGAA | E78: Dans chaque formulaire, chaque regroupement de champs de même nature a-t-il une légende ? | F78: ='Visualisation d''ensemble'!$AW83&CHAR(10)&'Visualisation d''ensemble'!$AU83 -> NT 0 | G78: Aveugles Déficients visuels | H78: Important à principale | I78: Fort à majeur | J78: Tests et références du critère 11.6
A79: 11.7 | B79: FORMULAIRES | C79: A | D79: RGAA | E79: Dans chaque formulaire, chaque légende associée à un regroupement de champs de même nature est-elle pertinente ? | F79: ='Visualisation d''ensemble'!$AW84&CHAR(10)&'Visualisation d''ensemble'!$AU84 -> NT 0 | G79: Aveugles Déficients visuels | H79: Principale | I79: Fort à majeur | J79: Tests et références du critère 11.7
A80: 11.8 | B80: FORMULAIRES | C80: A | D80: RGAA | E80: Dans chaque formulaire, les items de même nature d’une liste de choix sont-ils regroupés de manière pertinente ? | F80: ='Visualisation d''ensemble'!$AW85&CHAR(10)&'Visualisation d''ensemble'!$AU85 -> NT 0 | G80: Aveugles | H80: Principale | I80: Fort à majeur | J80: Tests et références du critère 11.8
A81: 11.9 | B81: FORMULAIRES | C81: A | D81: RGAA | E81: Dans chaque formulaire, l’intitulé de chaque bouton est-il pertinent (hors cas particuliers) ? | F81: ='Visualisation d''ensemble'!$AW86&CHAR(10)&'Visualisation d''ensemble'!$AU86 -> NT 0 | G81: Aveugles Déficients visuels Handicapés intellectuels. | H81: Principale | I81: Fort à majeur | J81: Tests et références du critère 11.9
A82: 11.10 | B82: FORMULAIRES | C82: A | D82: RGAA | E82: Dans chaque formulaire, le contrôle de saisie est-il utilisé de manière pertinente (hors cas particuliers) ? | F82: ='Visualisation d''ensemble'!$AW87&CHAR(10)&'Visualisation d''ensemble'!$AU87 -> NT 0 | G82: Aveugles Handicapés intellectuels | H82: Important à principale | I82: Fort à majeur | J82: Tests et références du critère 11.10
A83: 11.11 | B83: FORMULAIRES | C83: A | D83: RGAA | E83: Dans chaque formulaire, le contrôle de saisie est-il accompagné, si nécessaire, de suggestions facilitant la correction des erreurs de saisie ? | F83: ='Visualisation d''ensemble'!$AW88&CHAR(10)&'Visualisation d''ensemble'!$AU88 -> NT 0 | G83: Aveugles Handicapés intellectuels | H83: Important à principale | I83: Fort à majeur | J83: Tests et références du critère 11.11
A84: 11.12 | B84: FORMULAIRES | C84: A | D84: RGAA | E84: Pour chaque formulaire qui modifie ou supprime des données, ou qui transmet des réponses à un test ou à un examen, ou dont la validation a des conséquences financières ou juridiques, les données saisies peuvent-elles être modifiées, mises à jour ou récupérées par l’utilisateur ? | F84: ='Visualisation d''ensemble'!$AW89&CHAR(10)&'Visualisation d''ensemble'!$AU89 -> NT 0 | G84: Tous les utilisateurs | H84: Important à principale | I84: Fort à majeur | J84: Tests et références du critère 11.12
... A108: 13.12 | B108: CONSULTATION | C108: A | D108: RGAA | E108: Dans chaque page web, les fonctionnalités qui impliquent un mouvement de l’appareil ou vers l’appareil peuvent-elles être satisfaites de manière alternative (hors cas particuliers) ? | F108: ='Visualisation d''ensemble'!$AW113&CHAR(10)&'Visualisation d''ensemble'!$AU113 -> NT 0 | G108: Handicapés moteurs | H108: Moyen à important | I108: Majeur | J108: Tests et références du critère 13.12

Sheet Visualisation d'ensemble
A1: =Échantillon!A1 -> Capgemini ♠ | B1: | Visualisation de l'ensemble des critères & dérogations
A2: Viewing all criteria | F2: Evaluation des critères | BA2: Dérogations
A3: Résultats RGAA | E3: C | F3: =COUNTIFS(F7:F138,"C*",$E7:$E138,"RGAA") -> 0 | G3: =COUNTIFS(G7:G138,"C*",$E7:$E138,"RGAA") -> 0 | H3: =COUNTIFS(H7:H138,"C*",$E7:$E138,"RGAA") -> 0 | I3: =COUNTIFS(I7:I138,"C*",$E7:$E138,"RGAA") -> 0 | J3: =COUNTIFS(J7:J138,"C*",$E7:$E138,"RGAA") -> 0 | K3: =COUNTIFS(K7:K138,"C*",$E7:$E138,"RGAA") -> 0 | L3: =COUNTIFS(L7:L138,"C*",$E7:$E138,"RGAA") -> 0 | M3: =COUNTIFS(M7:M138,"C*",$E7:$E138,"RGAA") -> 0 | ... AS3: =COUNTIFS(AS7:AS138,"C*",$E7:$E138,"RGAA") -> 0 | AT3: Total C | AW3: =COUNTIFS(AW7:AW138,"C*",$E7:$E138,"RGAA") -> 0
E4: NC | F4: =COUNTIFS(F7:F138,"NC*",$E7:$E138,"RGAA") -> 0 | G4: =COUNTIFS(G7:G138,"NC*",$E7:$E138,"RGAA") -> 0 | H4: =COUNTIFS(H7:H138,"NC*",$E7:$E138,"RGAA") -> 0 | I4: =COUNTIFS(I7:I138,"NC*",$E7:$E138,"RGAA") -> 0 | J4: =COUNTIFS(J7:J138,"NC*",$E7:$E138,"RGAA") -> 0 | K4: =COUNTIFS(K7:K138,"NC*",$E7:$E138,"RGAA") -> 0 | L4: =COUNTIFS(L7:L138,"NC*",$E7:$E138,"RGAA") -> 0 | M4: =COUNTIFS(M7:M138,"NC*",$E7:$E138,"RGAA") -> 0 | ... AS4: =COUNTIFS(AS7:AS138,"NC*",$E7:$E138,"RGAA") -> 0 | AT4: Total NC | AW4: =COUNTIFS(AW7:AW138,"NC*",$E7:$E138,"RGAA") -> 0
E5: NA | F5: =COUNTIFS(F7:F138,"NA*",$E7:$E138,"RGAA") -> 0 | G5: =COUNTIFS(G7:G138,"NA*",$E7:$E138,"RGAA") -> 0 | H5: =COUNTIFS(H7:H138,"NA*",$E7:$E138,"RGAA") -> 0 | I5: =COUNTIFS(I7:I138,"NA*",$E7:$E138,"RGAA") -> 0 | J5: =COUNTIFS(J7:J138,"NA*",$E7:$E138,"RGAA") -> 0 | K5: =COUNTIFS(K7:K138,"NA*",$E7:$E138,"RGAA") -> 0 | L5: =COUNTIFS(L7:L138,"NA*",$E7:$E138,"RGAA") -> 0 | M5: =COUNTIFS(M7:M138,"NA*",$E7:$E138,"RGAA") -> 0 | ... AS5: =COUNTIFS(AS7:AS138,"NA*",$E7:$E138,"RGAA") -> 0 | AT5: Total NA | AW5: =COUNTIFS(AW7:AW138,"NA",$E7:$E138,"RGAA") -> 0
A6: Taux de conformité par page | E6: =IF(COUNT(F6:AS6)>0,AVERAGE(F6:AS6),"-") -> - | F6: =IFERROR(F3/(F3+F4), "") | G6: =IFERROR(G3/(G3+G4), "") | H6: =IFERROR(H3/(H3+H4), "") | I6: =IFERROR(I3/(I3+I4), "") | J6: =IFERROR(J3/(J3+J4), "") | K6: =IFERROR(K3/(K3+K4), "") | L6: =IFERROR(L3/(L3+L4), "") | M6: =IFERROR(M3/(M3+M4), "") | ... AS6: =IFERROR(AS3/(AS3+AS4), "") | AT6: Taux global RGAA | AW6: =IF(AW3+AW4=0,"En attente de données",AW3/(AW3+AW4)) -> En attente de données | AY6: Derog | AZ6: =SUM(BA6:CN6) -> 0 | BA6: =COUNTIFS(BA7:BA138,"Oui",$E7:$E138,"RGAA") -> 0 | BB6: =COUNTIFS(BB7:BB138,"Oui",$E7:$E138,"RGAA") -> 0 | BC6: =COUNTIFS(BC7:BC138,"Oui",$E7:$E138,"RGAA") -> 0 | BD6: =COUNTIFS(BD7:BD138,"Oui",$E7:$E138,"RGAA") -> 0 | BE6: =COUNTIFS(BE7:BE138,"Oui",$E7:$E138,"RGAA") -> 0 | BF6: =COUNTIFS(BF7:BF138,"Oui",$E7:$E138,"RGAA") -> 0 | BG6: =COUNTIFS(BG7:BG138,"Oui",$E7:$E138,"RGAA") -> 0 | BH6: =COUNTIFS(BH7:BH138,"Oui",$E7:$E138,"RGAA") -> 0 | ... CN6: =COUNTIFS(CN7:CN138,"Oui",$E7:$E138,"RGAA") -> 0
A7: ='Critères et tests'!B2 -> Thématique | B7: ='Critères et tests'!$A2 -> n°critères | C7: ='Critères et tests'!E2 -> Intitulé des critères | D7: ='Critères et tests'!$C2 -> Niveau WCAG | F7: P01 | G7: P02 | H7: P03 | I7: P04 | J7: P05 | K7: P06 | L7: P07 | M7: P08 | N7: P09 | O7: P10 | P7: P11 | Q7: P12 | R7: P13 | S7: P14 | T7: P15 | U7: P16 | V7: P17 | W7: P18 | X7: P19 | Y7: P20 | Z7: P21 | AA7: P22 | AB7: P23 | AC7: P24 | AD7: P25 | AE7: P26 | AF7: P27 | AG7: P28 | AH7: P29 | AI7: P30 | AJ7: P31 | AK7: P32 | AL7: P33 | AM7: P34 | AN7: P35 | AO7: P36 | AP7: P37 | AQ7: P38 | AR7: P39 | AS7: P40 | AT7: C | AU7: NC | AV7: NA | AW7: Global | BA7: P01 | BB7: P02 | BC7: P03 | BD7: P04 | BE7: P05 | BF7: P06 | BG7: P07 | BH7: P08 | BI7: P09 | BJ7: P10 | BK7: P11 | BL7: P12 | BM7: P13 | BN7: P14 | BO7: P15 | BP7: P16 | BQ7: P17 | BR7: P18 | BS7: P19 | BT7: P20 | BU7: P21 | BV7: P22 | BW7: P23 | BX7: P24 | BY7: P25 | BZ7: P26 | CA7: P27 | CB7: P28 | CC7: P29 | CD7: P30 | CE7: P31 | CF7: P32 | CG7: P33 | CH7: P34 | CI7: P35 | CJ7: P36 | CK7: P37 | CL7: P38 | CM7: P39 | CN7: P40
A8: ='Critères et tests'!B3 -> IMAGES | B8: ='Critères et tests'!$A3 -> 1.1 | C8: =VLOOKUP(B8,'Critères et tests'!$1:$1048576,5,FALSE) -> Chaque image porteuse d’information a-t-elle une alternative textuelle ? | D8: ='Critères et tests'!$C3 -> A | E8: RGAA | F8: =IF('P01'!$E$4>"",'P01'!$E$4&" "&CHAR(10)&'P01'!$F$4,'P01'!$E$4) -> 0 | G8: =IF('P02'!$E4>"",'P02'!$E4&" "&CHAR(10)&'P02'!$F4,'P02'!$E4) -> 0 | H8: =IF('P03'!$E4>"",'P03'!$E4&" "&CHAR(10)&'P03'!$F4,'P03'!$E4) -> 0 | I8: =IF('P04'!$E4>"",'P04'!$E4&" "&CHAR(10)&'P04'!$F4,'P04'!$E4) -> 0 | J8: =IF('P05'!$E4>"",'P05'!$E4&" "&CHAR(10)&'P05'!$F4,'P05'!$E4) -> 0 | K8: =IF('P06'!$E4>"",'P06'!$E4&" "&CHAR(10)&'P06'!$F4,'P06'!$E4) -> 0 | L8: =IF('P07'!$E4>"",'P07'!$E4&" "&CHAR(10)&'P07'!$F4,'P07'!$E4) -> 0 | M8: =IF('P08'!$E4>"",'P08'!$E4&" "&CHAR(10)&'P08'!$F4,'P08'!$E4) -> 0 | N8: =IF('P09'!$E4>"",'P09'!$E4&" "&CHAR(10)&'P09'!$F4,'P09'!$E4) -> 0 | O8: =IF('P10'!$E4>"",'P10'!$E4&" "&CHAR(10)&'P10'!$F4,'P10'!$E4) -> 0 | P8: =IF('P11'!$E4>"",'P11'!$E4&" "&CHAR(10)&'P11'!$F4,'P11'!$E4) -> 0 | Q8: =IF('P12'!$E4>"",'P12'!$E4&" "&CHAR(10)&'P12'!$F4,'P12'!$E4) -> 0 | R8: =IF('P13'!$E4>"",'P13'!$E4&" "&CHAR(10)&'P13'!$F4,'P13'!$E4) -> 0 | S8: =IF('P14'!$E4>"",'P14'!$E4&" "&CHAR(10)&'P14'!$F4,'P14'!$E4) -> 0 | T8: =IF('P15'!$E4>"",'P15'!$E4&" "&CHAR(10)&'P15'!$F4,'P15'!$E4) -> 0 | U8: =IF('P16'!$E4>"",'P16'!$E4&" "&CHAR(10)&'P16'!$F4,'P16'!$E4) -> 0 | V8: =IF('P17'!$E4>"",'P17'!$E4&" "&CHAR(10)&'P17'!$F4,'P17'!$E4) -> 0 | W8: =IF('P18'!$E4>"",'P18'!$E4&" "&CHAR(10)&'P18'!$F4,'P18'!$E4) -> 0 | X8: =IF('P19'!$E4>"",'P19'!$E4&" "&CHAR(10)&'P19'!$F4,'P19'!$E4) -> 0 | Y8: =IF('P20'!$E4>"",'P20'!$E4&" "&CHAR(10)&'P20'!$F4,'P20'!$E4) -> 0 | Z8: =IF('P21'!$E4>"",'P21'!$E4&" "&CHAR(10)&'P21'!$F4,'P21'!$E4) -> 0 | AA8: =IF('P22'!$E4>"",'P22'!$E4&" "&CHAR(10)&'P22'!$F4,'P22'!$E4) -> 0 | AB8: =IF('P23'!$E4>"",'P23'!$E4&" "&CHAR(10)&'P23'!$F4,'P23'!$E4) -> 0 | AC8: =IF('P24'!$E4>"",'P24'!$E4&" "&CHAR(10)&'P24'!$F4,'P24'!$E4) -> 0 | AD8: =IF('P25'!$E4>"",'P25'!$E4&" "&CHAR(10)&'P25'!$F4,'P25'!$E4) -> 0 | AE8: =IF('P26'!$E4>"",'P26'!$E4&" "&CHAR(10)&'P26'!$F4,'P26'!$E4) -> 0 | AF8: =IF('P27'!$E4>"",'P27'!$E4&" "&CHAR(10)&'P27'!$F4,'P27'!$E4) -> 0 | AG8: =IF('P28'!$E4>"",'P28'!$E4&" "&CHAR(10)&'P28'!$F4,'P28'!$E4) -> 0 | AH8: =IF('P29'!$E4>"",'P29'!$E4&" "&CHAR(10)&'P29'!$F4,'P29'!$E4) -> 0 | AI8: =IF('P30'!$E4>"",'P30'!$E4&" "&CHAR(10)&'P30'!$F4,'P30'!$E4) -> 0 | AJ8: =IF('P31'!$E4>"",'P31'!$E4&" "&CHAR(10)&'P31'!$F4,'P31'!$E4) -> 0 | AK8: =IF('P32'!$E4>"",'P32'!$E4&" "&CHAR(10)&'P32'!$F4,'P32'!$E4) -> 0 | AL8: =IF('P33'!$E4>"",'P33'!$E4&" "&CHAR(10)&'P33'!$F4,'P33'!$E4) -> 0 | AM8: =IF('P34'!$E4>"",'P34'!$E4&" "&CHAR(10)&'P34'!$F4,'P34'!$E4) -> 0 | AN8: =IF('P35'!$E4>"",'P35'!$E4&" "&CHAR(10)&'P35'!$F4,'P35'!$E4) -> 0 | AO8: =IF('P36'!$E4>"",'P36'!$E4&" "&CHAR(10)&'P36'!$F4,'P36'!$E4) -> 0 | AP8: =IF('P37'!$E4>"",'P37'!$E4&" "&CHAR(10)&'P37'!$F4,'P37'!$E4) -> 0 | AQ8: =IF('P38'!$E4>"",'P38'!$E4&" "&CHAR(10)&'P38'!$F4,'P38'!$E4) -> 0 | AR8: =IF('P39'!$E4>"",'P39'!$E4&" "&CHAR(10)&'P39'!$F4,'P39'!$E4) -> 0 | AS8: =IF('P40'!$E4>"",'P40'!$E4&" "&CHAR(10)&'P40'!$F4,'P40'!$E4) -> 0 | AT8: =COUNTIF(F8:AS8,"C*") -> 0 | AU8: =COUNTIF(F8:AS8,"NC*") -> 0 | AV8: =COUNTIF(F8:AS8,"NA*") -> 0 | AW8: =IF(AU8>0,"NC",IF(AT8>0,"C",IF($AV8>0,"NA","NT"))) -> NT | BA8: =IF('P01'!$G4<>"", 'P01'!$G4, "non") -> non | BB8: =IF('P02'!$G4<>"", 'P02'!$G4, "non") -> non | BC8: =IF('P03'!$G4<>"", 'P03'!$G4, "non") -> non | BD8: =IF('P04'!$G4<>"", 'P04'!$G4, "non") -> non | BE8: =IF('P05'!$G4<>"", 'P05'!$G4, "non") -> non | BF8: =IF('P06'!$G4<>"", 'P06'!$G4, "non") -> non | BG8: =IF('P07'!$G4<>"", 'P07'!$G4, "non") -> non | BH8: =IF('P08'!$G4<>"", 'P08'!$G4, "non") -> non | BI8: =IF('P09'!$G4<>"", 'P09'!$G4, "non") -> non | BJ8: =IF('P10'!$G4<>"", 'P10'!$G4, "non") -> non | BK8: =IF('P11'!$G4<>"", 'P11'!$G4, "non") -> non | BL8: =IF('P12'!$G4<>"", 'P12'!$G4, "non") -> non | BM8: =IF('P13'!$G4<>"", 'P13'!$G4, "non") -> non | BN8: =IF('P14'!$G4<>"", 'P14'!$G4, "non") -> non | BO8: =IF('P15'!$G4<>"", 'P15'!$G4, "non") -> non | BP8: =IF('P16'!$G4<>"", 'P16'!$G4, "non") -> non | BQ8: =IF('P17'!$G4<>"", 'P17'!$G4, "non") -> non | BR8: =IF('P18'!$G4<>"", 'P18'!$G4, "non") -> non | BS8: =IF('P19'!$G4<>"", 'P19'!$G4, "non") -> non | BT8: =IF('P20'!$G4<>"", 'P20'!$G4, "non") -> non | BU8: =IF('P21'!$G4<>"", 'P21'!$G4, "non") -> non | BV8: =IF('P22'!$G4<>"", 'P22'!$G4, "non") -> non | BW8: =IF('P23'!$G4<>"", 'P23'!$G4, "non") -> non | BX8: =IF('P24'!$G4<>"", 'P24'!$G4, "non") -> non | BY8: =IF('P25'!$G4<>"", 'P25'!$G4, "non") -> non | BZ8: =IF('P26'!$G4<>"", 'P26'!$G4, "non") -> non | CA8: =IF('P27'!$G4<>"", 'P27'!$G4, "non") -> non | CB8: =IF('P28'!$G4<>"", 'P28'!$G4, "non") -> non | CC8: =IF('P29'!$G4<>"", 'P29'!$G4, "non") -> non | CD8: =IF('P30'!$G4<>"", 'P30'!$G4, "non") -> non | CE8: =IF('P31'!$G4<>"", 'P31'!$G4, "non") -> non | CF8: =IF('P32'!$G4<>"", 'P32'!$G4, "non") -> non | CG8: =IF('P33'!$G4<>"", 'P33'!$G4, "non") -> non | CH8: =IF('P34'!$G4<>"", 'P34'!$G4, "non") -> non | CI8: =IF('P35'!$G4<>"", 'P35'!$G4, "non") -> non | CJ8: =IF('P36'!$G4<>"", 'P36'!$G4, "non") -> non | CK8: =IF('P37'!$G4<>"", 'P37'!$G4, "non") -> non | CL8: =IF('P38'!$G4<>"", 'P38'!$G4, "non") -> non | CM8: =IF('P39'!$G4<>"", 'P39'!$G4, "non") -> non | CN8: =IF('P40'!$G4<>"", 'P40'!$G4, "non") -> non
A9: ='Critères et tests'!B4 -> IMAGES | B9: ='Critères et tests'!$A4 -> 1.2 | C9: =VLOOKUP(B9,'Critères et tests'!$1:$1048576,5,FALSE) -> Chaque image de décoration est-elle correctement ignorée par les technologies d’assistance ? | D9: ='Critères et tests'!$C4 -> A | E9: RGAA | F9: =IF('P01'!$E5>"",'P01'!$E5&" "&CHAR(10)&'P01'!$F5,'P01'!$E5) -> 0 | G9: =IF('P02'!$E5>"",'P02'!$E5&" "&CHAR(10)&'P02'!$F5,'P02'!$E5) -> 0 | H9: =IF('P03'!$E5>"",'P03'!$E5&" "&CHAR(10)&'P03'!$F5,'P03'!$E5) -> 0 | I9: =IF('P04'!$E5>"",'P04'!$E5&" "&CHAR(10)&'P04'!$F5,'P04'!$E5) -> 0 | J9: =IF('P05'!$E5>"",'P05'!$E5&" "&CHAR(10)&'P05'!$F5,'P05'!$E5) -> 0 | K9: =IF('P06'!$E5>"",'P06'!$E5&" "&CHAR(10)&'P06'!$F5,'P06'!$E5) -> 0 | L9: =IF('P07'!$E5>"",'P07'!$E5&" "&CHAR(10)&'P07'!$F5,'P07'!$E5) -> 0 | M9: =IF('P08'!$E5>"",'P08'!$E5&" "&CHAR(10)&'P08'!$F5,'P08'!$E5) -> 0 | N9: =IF('P09'!$E5>"",'P09'!$E5&" "&CHAR(10)&'P09'!$F5,'P09'!$E5) -> 0 | O9: =IF('P10'!$E5>"",'P10'!$E5&" "&CHAR(10)&'P10'!$F5,'P10'!$E5) -> 0 | P9: =IF('P11'!$E5>"",'P11'!$E5&" "&CHAR(10)&'P11'!$F5,'P11'!$E5) -> 0 | Q9: =IF('P12'!$E5>"",'P12'!$E5&" "&CHAR(10)&'P12'!$F5,'P12'!$E5) -> 0 | R9: =IF('P13'!$E5>"",'P13'!$E5&" "&CHAR(10)&'P13'!$F5,'P13'!$E5) -> 0 | S9: =IF('P14'!$E5>"",'P14'!$E5&" "&CHAR(10)&'P14'!$F5,'P14'!$E5) -> 0 | T9: =IF('P15'!$E5>"",'P15'!$E5&" "&CHAR(10)&'P15'!$F5,'P15'!$E5) -> 0 | U9: =IF('P16'!$E5>"",'P16'!$E5&" "&CHAR(10)&'P16'!$F5,'P16'!$E5) -> 0 | V9: =IF('P17'!$E5>"",'P17'!$E5&" "&CHAR(10)&'P17'!$F5,'P17'!$E5) -> 0 | W9: =IF('P18'!$E5>"",'P18'!$E5&" "&CHAR(10)&'P18'!$F5,'P18'!$E5) -> 0 | X9: =IF('P19'!$E5>"",'P19'!$E5&" "&CHAR(10)&'P19'!$F5,'P19'!$E5) -> 0 | Y9: =IF('P20'!$E5>"",'P20'!$E5&" "&CHAR(10)&'P20'!$F5,'P20'!$E5) -> 0 | Z9: =IF('P21'!$E5>"",'P21'!$E5&" "&CHAR(10)&'P21'!$F5,'P21'!$E5) -> 0 | AA9: =IF('P22'!$E5>"",'P22'!$E5&" "&CHAR(10)&'P22'!$F5,'P22'!$E5) -> 0 | AB9: =IF('P23'!$E5>"",'P23'!$E5&" "&CHAR(10)&'P23'!$F5,'P23'!$E5) -> 0 | AC9: =IF('P24'!$E5>"",'P24'!$E5&" "&CHAR(10)&'P24'!$F5,'P24'!$E5) -> 0 | AD9: =IF('P25'!$E5>"",'P25'!$E5&" "&CHAR(10)&'P25'!$F5,'P25'!$E5) -> 0 | AE9: =IF('P26'!$E5>"",'P26'!$E5&" "&CHAR(10)&'P26'!$F5,'P26'!$E5) -> 0 | AF9: =IF('P27'!$E5>"",'P27'!$E5&" "&CHAR(10)&'P27'!$F5,'P27'!$E5) -> 0 | AG9: =IF('P28'!$E5>"",'P28'!$E5&" "&CHAR(10)&'P28'!$F5,'P28'!$E5) -> 0 | AH9: =IF('P29'!$E5>"",'P29'!$E5&" "&CHAR(10)&'P29'!$F5,'P29'!$E5) -> 0 | AI9: =IF('P30'!$E5>"",'P30'!$E5&" "&CHAR(10)&'P30'!$F5,'P30'!$E5) -> 0 | AJ9: =IF('P31'!$E5>"",'P31'!$E5&" "&CHAR(10)&'P31'!$F5,'P31'!$E5) -> 0 | AK9: =IF('P32'!$E5>"",'P32'!$E5&" "&CHAR(10)&'P32'!$F5,'P32'!$E5) -> 0 | AL9: =IF('P33'!$E5>"",'P33'!$E5&" "&CHAR(10)&'P33'!$F5,'P33'!$E5) -> 0 | AM9: =IF('P34'!$E5>"",'P34'!$E5&" "&CHAR(10)&'P34'!$F5,'P34'!$E5) -> 0 | AN9: =IF('P35'!$E5>"",'P35'!$E5&" "&CHAR(10)&'P35'!$F5,'P35'!$E5) -> 0 | AO9: =IF('P36'!$E5>"",'P36'!$E5&" "&CHAR(10)&'P36'!$F5,'P36'!$E5) -> 0 | AP9: =IF('P37'!$E5>"",'P37'!$E5&" "&CHAR(10)&'P37'!$F5,'P37'!$E5) -> 0 | AQ9: =IF('P38'!$E5>"",'P38'!$E5&" "&CHAR(10)&'P38'!$F5,'P38'!$E5) -> 0 | AR9: =IF('P39'!$E5>"",'P39'!$E5&" "&CHAR(10)&'P39'!$F5,'P39'!$E5) -> 0 | AS9: =IF('P40'!$E5>"",'P40'!$E5&" "&CHAR(10)&'P40'!$F5,'P40'!$E5) -> 0 | AT9: =COUNTIF(F9:AS9,"C*") -> 0 | AU9: =COUNTIF(F9:AS9,"NC*") -> 0 | AV9: =COUNTIF(F9:AS9,"NA*") -> 0 | AW9: =IF(AU9>0,"NC",IF(AT9>0,"C",IF($AV9>0,"NA","NT"))) -> NT | BA9: =IF('P01'!$G5<>"", 'P01'!$G5, "non") -> non | BB9: =IF('P02'!$G5<>"", 'P02'!$G5, "non") -> non | BC9: =IF('P03'!$G5<>"", 'P03'!$G5, "non") -> non | BD9: =IF('P04'!$G5<>"", 'P04'!$G5, "non") -> non | BE9: =IF('P05'!$G5<>"", 'P05'!$G5, "non") -> non | BF9: =IF('P06'!$G5<>"", 'P06'!$G5, "non") -> non | BG9: =IF('P07'!$G5<>"", 'P07'!$G5, "non") -> non | BH9: =IF('P08'!$G5<>"", 'P08'!$G5, "non") -> non | BI9: =IF('P09'!$G5<>"", 'P09'!$G5, "non") -> non | BJ9: =IF('P10'!$G5<>"", 'P10'!$G5, "non") -> non | BK9: =IF('P11'!$G5<>"", 'P11'!$G5, "non") -> non | BL9: =IF('P12'!$G5<>"", 'P12'!$G5, "non") -> non | BM9: =IF('P13'!$G5<>"", 'P13'!$G5, "non") -> non | BN9: =IF('P14'!$G5<>"", 'P14'!$G5, "non") -> non | BO9: =IF('P15'!$G5<>"", 'P15'!$G5, "non") -> non | BP9: =IF('P16'!$G5<>"", 'P16'!$G5, "non") -> non | BQ9: =IF('P17'!$G5<>"", 'P17'!$G5, "non") -> non | BR9: =IF('P18'!$G5<>"", 'P18'!$G5, "non") -> non | BS9: =IF('P19'!$G5<>"", 'P19'!$G5, "non") -> non | BT9: =IF('P20'!$G5<>"", 'P20'!$G5, "non") -> non | BU9: =IF('P21'!$G5<>"", 'P21'!$G5, "non") -> non | BV9: =IF('P22'!$G5<>"", 'P22'!$G5, "non") -> non | BW9: =IF('P23'!$G5<>"", 'P23'!$G5, "non") -> non | BX9: =IF('P24'!$G5<>"", 'P24'!$G5, "non") -> non | BY9: =IF('P25'!$G5<>"", 'P25'!$G5, "non") -> non | BZ9: =IF('P26'!$G5<>"", 'P26'!$G5, "non") -> non | CA9: =IF('P27'!$G5<>"", 'P27'!$G5, "non") -> non | CB9: =IF('P28'!$G5<>"", 'P28'!$G5, "non") -> non | CC9: =IF('P29'!$G5<>"", 'P29'!$G5, "non") -> non | CD9: =IF('P30'!$G5<>"", 'P30'!$G5, "non") -> non | CE9: =IF('P31'!$G5<>"", 'P31'!$G5, "non") -> non | CF9: =IF('P32'!$G5<>"", 'P32'!$G5, "non") -> non | CG9: =IF('P33'!$G5<>"", 'P33'!$G5, "non") -> non | CH9: =IF('P34'!$G5<>"", 'P34'!$G5, "non") -> non | CI9: =IF('P35'!$G5<>"", 'P35'!$G5, "non") -> non | CJ9: =IF('P36'!$G5<>"", 'P36'!$G5, "non") -> non | CK9: =IF('P37'!$G5<>"", 'P37'!$G5, "non") -> non | CL9: =IF('P38'!$G5<>"", 'P38'!$G5, "non") -> non | CM9: =IF('P39'!$G5<>"", 'P39'!$G5, "non") -> non | CN9: =IF('P40'!$G5<>"", 'P40'!$G5, "non") -> non
A10: ='Critères et tests'!B5 -> IMAGES | B10: ='Critères et tests'!$A5 -> 1.3 | C10: =VLOOKUP(B10,'Critères et tests'!$1:$1048576,5,FALSE) -> Pour chaque image porteuse d'information ayant une alternative textuelle, cette alternative est-elle pertinente (hors cas particuliers) ? | D10: ='Critères et tests'!$C5 -> A | E10: RGAA | F10: =IF('P01'!$E6>"",'P01'!$E6&" "&CHAR(10)&'P01'!$F6,'P01'!$E6) -> 0 | G10: =IF('P02'!$E6>"",'P02'!$E6&" "&CHAR(10)&'P02'!$F6,'P02'!$E6) -> 0 | H10: =IF('P03'!$E6>"",'P03'!$E6&" "&CHAR(10)&'P03'!$F6,'P03'!$E6) -> 0 | I10: =IF('P04'!$E6>"",'P04'!$E6&" "&CHAR(10)&'P04'!$F6,'P04'!$E6) -> 0 | J10: =IF('P05'!$E6>"",'P05'!$E6&" "&CHAR(10)&'P05'!$F6,'P05'!$E6) -> 0 | K10: =IF('P06'!$E6>"",'P06'!$E6&" "&CHAR(10)&'P06'!$F6,'P06'!$E6) -> 0 | L10: =IF('P07'!$E6>"",'P07'!$E6&" "&CHAR(10)&'P07'!$F6,'P07'!$E6) -> 0 | M10: =IF('P08'!$E6>"",'P08'!$E6&" "&CHAR(10)&'P08'!$F6,'P08'!$E6) -> 0 | N10: =IF('P09'!$E6>"",'P09'!$E6&" "&CHAR(10)&'P09'!$F6,'P09'!$E6) -> 0 | O10: =IF('P10'!$E6>"",'P10'!$E6&" "&CHAR(10)&'P10'!$F6,'P10'!$E6) -> 0 | P10: =IF('P11'!$E6>"",'P11'!$E6&" "&CHAR(10)&'P11'!$F6,'P11'!$E6) -> 0 | Q10: =IF('P12'!$E6>"",'P12'!$E6&" "&CHAR(10)&'P12'!$F6,'P12'!$E6) -> 0 | R10: =IF('P13'!$E6>"",'P13'!$E6&" "&CHAR(10)&'P13'!$F6,'P13'!$E6) -> 0 | S10: =IF('P14'!$E6>"",'P14'!$E6&" "&CHAR(10)&'P14'!$F6,'P14'!$E6) -> 0 | T10: =IF('P15'!$E6>"",'P15'!$E6&" "&CHAR(10)&'P15'!$F6,'P15'!$E6) -> 0 | U10: =IF('P16'!$E6>"",'P16'!$E6&" "&CHAR(10)&'P16'!$F6,'P16'!$E6) -> 0 | V10: =IF('P17'!$E6>"",'P17'!$E6&" "&CHAR(10)&'P17'!$F6,'P17'!$E6) -> 0 | W10: =IF('P18'!$E6>"",'P18'!$E6&" "&CHAR(10)&'P18'!$F6,'P18'!$E6) -> 0 | X10: =IF('P19'!$E6>"",'P19'!$E6&" "&CHAR(10)&'P19'!$F6,'P19'!$E6) -> 0 | Y10: =IF('P20'!$E6>"",'P20'!$E6&" "&CHAR(10)&'P20'!$F6,'P20'!$E6) -> 0 | Z10: =IF('P21'!$E6>"",'P21'!$E6&" "&CHAR(10)&'P21'!$F6,'P21'!$E6) -> 0 | AA10: =IF('P22'!$E6>"",'P22'!$E6&" "&CHAR(10)&'P22'!$F6,'P22'!$E6) -> 0 | AB10: =IF('P23'!$E6>"",'P23'!$E6&" "&CHAR(10)&'P23'!$F6,'P23'!$E6) -> 0 | AC10: =IF('P24'!$E6>"",'P24'!$E6&" "&CHAR(10)&'P24'!$F6,'P24'!$E6) -> 0 | AD10: =IF('P25'!$E6>"",'P25'!$E6&" "&CHAR(10)&'P25'!$F6,'P25'!$E6) -> 0 | AE10: =IF('P26'!$E6>"",'P26'!$E6&" "&CHAR(10)&'P26'!$F6,'P26'!$E6) -> 0 | AF10: =IF('P27'!$E6>"",'P27'!$E6&" "&CHAR(10)&'P27'!$F6,'P27'!$E6) -> 0 | AG10: =IF('P28'!$E6>"",'P28'!$E6&" "&CHAR(10)&'P28'!$F6,'P28'!$E6) -> 0 | AH10: =IF('P29'!$E6>"",'P29'!$E6&" "&CHAR(10)&'P29'!$F6,'P29'!$E6) -> 0 | AI10: =IF('P30'!$E6>"",'P30'!$E6&" "&CHAR(10)&'P30'!$F6,'P30'!$E6) -> 0 | AJ10: =IF('P31'!$E6>"",'P31'!$E6&" "&CHAR(10)&'P31'!$F6,'P31'!$E6) -> 0 | AK10: =IF('P32'!$E6>"",'P32'!$E6&" "&CHAR(10)&'P32'!$F6,'P32'!$E6) -> 0 | AL10: =IF('P33'!$E6>"",'P33'!$E6&" "&CHAR(10)&'P33'!$F6,'P33'!$E6) -> 0 | AM10: =IF('P34'!$E6>"",'P34'!$E6&" "&CHAR(10)&'P34'!$F6,'P34'!$E6) -> 0 | AN10: =IF('P35'!$E6>"",'P35'!$E6&" "&CHAR(10)&'P35'!$F6,'P35'!$E6) -> 0 | AO10: =IF('P36'!$E6>"",'P36'!$E6&" "&CHAR(10)&'P36'!$F6,'P36'!$E6) -> 0 | AP10: =IF('P37'!$E6>"",'P37'!$E6&" "&CHAR(10)&'P37'!$F6,'P37'!$E6) -> 0 | AQ10: =IF('P38'!$E6>"",'P38'!$E6&" "&CHAR(10)&'P38'!$F6,'P38'!$E6) -> 0 | AR10: =IF('P39'!$E6>"",'P39'!$E6&" "&CHAR(10)&'P39'!$F6,'P39'!$E6) -> 0 | AS10: =IF('P40'!$E6>"",'P40'!$E6&" "&CHAR(10)&'P40'!$F6,'P40'!$E6) -> 0 | AT10: =COUNTIF(F10:AS10,"C*") -> 0 | AU10: =COUNTIF(F10:AS10,"NC*") -> 0 | AV10: =COUNTIF(F10:AS10,"NA*") -> 0 | AW10: =IF(AU10>0,"NC",IF(AT10>0,"C",IF($AV10>0,"NA","NT"))) -> NT | BA10: =IF('P01'!$G6<>"", 'P01'!$G6, "non") -> non | BB10: =IF('P02'!$G6<>"", 'P02'!$G6, "non") -> non | BC10: =IF('P03'!$G6<>"", 'P03'!$G6, "non") -> non | BD10: =IF('P04'!$G6<>"", 'P04'!$G6, "non") -> non | BE10: =IF('P05'!$G6<>"", 'P05'!$G6, "non") -> non | BF10: =IF('P06'!$G6<>"", 'P06'!$G6, "non") -> non | BG10: =IF('P07'!$G6<>"", 'P07'!$G6, "non") -> non | BH10: =IF('P08'!$G6<>"", 'P08'!$G6, "non") -> non | BI10: =IF('P09'!$G6<>"", 'P09'!$G6, "non") -> non | BJ10: =IF('P10'!$G6<>"", 'P10'!$G6, "non") -> non | BK10: =IF('P11'!$G6<>"", 'P11'!$G6, "non") -> non | BL10: =IF('P12'!$G6<>"", 'P12'!$G6, "non") -> non | BM10: =IF('P13'!$G6<>"", 'P13'!$G6, "non") -> non | BN10: =IF('P14'!$G6<>"", 'P14'!$G6, "non") -> non | BO10: =IF('P15'!$G6<>"", 'P15'!$G6, "non") -> non | BP10: =IF('P16'!$G6<>"", 'P16'!$G6, "non") -> non | BQ10: =IF('P17'!$G6<>"", 'P17'!$G6, "non") -> non | BR10: =IF('P18'!$G6<>"", 'P18'!$G6, "non") -> non | BS10: =IF('P19'!$G6<>"", 'P19'!$G6, "non") -> non | BT10: =IF('P20'!$G6<>"", 'P20'!$G6, "non") -> non | BU10: =IF('P21'!$G6<>"", 'P21'!$G6, "non") -> non | BV10: =IF('P22'!$G6<>"", 'P22'!$G6, "non") -> non | BW10: =IF('P23'!$G6<>"", 'P23'!$G6, "non") -> non | BX10: =IF('P24'!$G6<>"", 'P24'!$G6, "non") -> non | BY10: =IF('P25'!$G6<>"", 'P25'!$G6, "non") -> non | BZ10: =IF('P26'!$G6<>"", 'P26'!$G6, "non") -> non | CA10: =IF('P27'!$G6<>"", 'P27'!$G6, "non") -> non | CB10: =IF('P28'!$G6<>"", 'P28'!$G6, "non") -> non | CC10: =IF('P29'!$G6<>"", 'P29'!$G6, "non") -> non | CD10: =IF('P30'!$G6<>"", 'P30'!$G6, "non") -> non | CE10: =IF('P31'!$G6<>"", 'P31'!$G6, "non") -> non | CF10: =IF('P32'!$G6<>"", 'P32'!$G6, "non") -> non | CG10: =IF('P33'!$G6<>"", 'P33'!$G6, "non") -> non | CH10: =IF('P34'!$G6<>"", 'P34'!$G6, "non") -> non | CI10: =IF('P35'!$G6<>"", 'P35'!$G6, "non") -> non | CJ10: =IF('P36'!$G6<>"", 'P36'!$G6, "non") -> non | CK10: =IF('P37'!$G6<>"", 'P37'!$G6, "non") -> non | CL10: =IF('P38'!$G6<>"", 'P38'!$G6, "non") -> non | CM10: =IF('P39'!$G6<>"", 'P39'!$G6, "non") -> non | CN10: =IF('P40'!$G6<>"", 'P40'!$G6, "non") -> non
A11: ='Critères et tests'!B6 -> IMAGES | B11: ='Critères et tests'!$A6 -> 1.4 | C11: =VLOOKUP(B11,'Critères et tests'!$1:$1048576,5,FALSE) -> Pour chaque image utilisée comme CAPTCHA ou comme image-test, ayant une alternative textuelle, cette alternative permet-elle d’identifier la nature et la fonction de l’image ? | D11: ='Critères et tests'!$C6 -> A | E11: RGAA | F11: =IF('P01'!$E7>"",'P01'!$E7&" "&CHAR(10)&'P01'!$F7,'P01'!$E7) -> 0 | G11: =IF('P02'!$E7>"",'P02'!$E7&" "&CHAR(10)&'P02'!$F7,'P02'!$E7) -> 0 | H11: =IF('P03'!$E7>"",'P03'!$E7&" "&CHAR(10)&'P03'!$F7,'P03'!$E7) -> 0 | I11: =IF('P04'!$E7>"",'P04'!$E7&" "&CHAR(10)&'P04'!$F7,'P04'!$E7) -> 0 | J11: =IF('P05'!$E7>"",'P05'!$E7&" "&CHAR(10)&'P05'!$F7,'P05'!$E7) -> 0 | K11: =IF('P06'!$E7>"",'P06'!$E7&" "&CHAR(10)&'P06'!$F7,'P06'!$E7) -> 0 | L11: =IF('P07'!$E7>"",'P07'!$E7&" "&CHAR(10)&'P07'!$F7,'P07'!$E7) -> 0 | M11: =IF('P08'!$E7>"",'P08'!$E7&" "&CHAR(10)&'P08'!$F7,'P08'!$E7) -> 0 | N11: =IF('P09'!$E7>"",'P09'!$E7&" "&CHAR(10)&'P09'!$F7,'P09'!$E7) -> 0 | O11: =IF('P10'!$E7>"",'P10'!$E7&" "&CHAR(10)&'P10'!$F7,'P10'!$E7) -> 0 | P11: =IF('P11'!$E7>"",'P11'!$E7&" "&CHAR(10)&'P11'!$F7,'P11'!$E7) -> 0 | Q11: =IF('P12'!$E7>"",'P12'!$E7&" "&CHAR(10)&'P12'!$F7,'P12'!$E7) -> 0 | R11: =IF('P13'!$E7>"",'P13'!$E7&" "&CHAR(10)&'P13'!$F7,'P13'!$E7) -> 0 | S11: =IF('P14'!$E7>"",'P14'!$E7&" "&CHAR(10)&'P14'!$F7,'P14'!$E7) -> 0 | T11: =IF('P15'!$E7>"",'P15'!$E7&" "&CHAR(10)&'P15'!$F7,'P15'!$E7) -> 0 | U11: =IF('P16'!$E7>"",'P16'!$E7&" "&CHAR(10)&'P16'!$F7,'P16'!$E7) -> 0 | V11: =IF('P17'!$E7>"",'P17'!$E7&" "&CHAR(10)&'P17'!$F7,'P17'!$E7) -> 0 | W11: =IF('P18'!$E7>"",'P18'!$E7&" "&CHAR(10)&'P18'!$F7,'P18'!$E7) -> 0 | X11: =IF('P19'!$E7>"",'P19'!$E7&" "&CHAR(10)&'P19'!$F7,'P19'!$E7) -> 0 | Y11: =IF('P20'!$E7>"",'P20'!$E7&" "&CHAR(10)&'P20'!$F7,'P20'!$E7) -> 0 | Z11: =IF('P21'!$E7>"",'P21'!$E7&" "&CHAR(10)&'P21'!$F7,'P21'!$E7) -> 0 | AA11: =IF('P22'!$E7>"",'P22'!$E7&" "&CHAR(10)&'P22'!$F7,'P22'!$E7) -> 0 | AB11: =IF('P23'!$E7>"",'P23'!$E7&" "&CHAR(10)&'P23'!$F7,'P23'!$E7) -> 0 | AC11: =IF('P24'!$E7>"",'P24'!$E7&" "&CHAR(10)&'P24'!$F7,'P24'!$E7) -> 0 | AD11: =IF('P25'!$E7>"",'P25'!$E7&" "&CHAR(10)&'P25'!$F7,'P25'!$E7) -> 0 | AE11: =IF('P26'!$E7>"",'P26'!$E7&" "&CHAR(10)&'P26'!$F7,'P26'!$E7) -> 0 | AF11: =IF('P27'!$E7>"",'P27'!$E7&" "&CHAR(10)&'P27'!$F7,'P27'!$E7) -> 0 | AG11: =IF('P28'!$E7>"",'P28'!$E7&" "&CHAR(10)&'P28'!$F7,'P28'!$E7) -> 0 | AH11: =IF('P29'!$E7>"",'P29'!$E7&" "&CHAR(10)&'P29'!$F7,'P29'!$E7) -> 0 | AI11: =IF('P30'!$E7>"",'P30'!$E7&" "&CHAR(10)&'P30'!$F7,'P30'!$E7) -> 0 | AJ11: =IF('P31'!$E7>"",'P31'!$E7&" "&CHAR(10)&'P31'!$F7,'P31'!$E7) -> 0 | AK11: =IF('P32'!$E7>"",'P32'!$E7&" "&CHAR(10)&'P32'!$F7,'P32'!$E7) -> 0 | AL11: =IF('P33'!$E7>"",'P33'!$E7&" "&CHAR(10)&'P33'!$F7,'P33'!$E7) -> 0 | AM11: =IF('P34'!$E7>"",'P34'!$E7&" "&CHAR(10)&'P34'!$F7,'P34'!$E7) -> 0 | AN11: =IF('P35'!$E7>"",'P35'!$E7&" "&CHAR(10)&'P35'!$F7,'P35'!$E7) -> 0 | AO11: =IF('P36'!$E7>"",'P36'!$E7&" "&CHAR(10)&'P36'!$F7,'P36'!$E7) -> 0 | AP11: =IF('P37'!$E7>"",'P37'!$E7&" "&CHAR(10)&'P37'!$F7,'P37'!$E7) -> 0 | AQ11: =IF('P38'!$E7>"",'P38'!$E7&" "&CHAR(10)&'P38'!$F7,'P38'!$E7) -> 0 | AR11: =IF('P39'!$E7>"",'P39'!$E7&" "&CHAR(10)&'P39'!$F7,'P39'!$E7) -> 0 | AS11: =IF('P40'!$E7>"",'P40'!$E7&" "&CHAR(10)&'P40'!$F7,'P40'!$E7) -> 0 | AT11: =COUNTIF(F11:AS11,"C*") -> 0 | AU11: =COUNTIF(F11:AS11,"NC*") -> 0 | AV11: =COUNTIF(F11:AS11,"NA*") -> 0 | AW11: =IF(AU11>0,"NC",IF(AT11>0,"C",IF($AV11>0,"NA","NT"))) -> NT | BA11: =IF('P01'!$G7<>"", 'P01'!$G7, "non") -> non | BB11: =IF('P02'!$G7<>"", 'P02'!$G7, "non") -> non | BC11: =IF('P03'!$G7<>"", 'P03'!$G7, "non") -> non | BD11: =IF('P04'!$G7<>"", 'P04'!$G7, "non") -> non | BE11: =IF('P05'!$G7<>"", 'P05'!$G7, "non") -> non | BF11: =IF('P06'!$G7<>"", 'P06'!$G7, "non") -> non | BG11: =IF('P07'!$G7<>"", 'P07'!$G7, "non") -> non | BH11: =IF('P08'!$G7<>"", 'P08'!$G7, "non") -> non | BI11: =IF('P09'!$G7<>"", 'P09'!$G7, "non") -> non | BJ11: =IF('P10'!$G7<>"", 'P10'!$G7, "non") -> non | BK11: =IF('P11'!$G7<>"", 'P11'!$G7, "non") -> non | BL11: =IF('P12'!$G7<>"", 'P12'!$G7, "non") -> non | BM11: =IF('P13'!$G7<>"", 'P13'!$G7, "non") -> non | BN11: =IF('P14'!$G7<>"", 'P14'!$G7, "non") -> non | BO11: =IF('P15'!$G7<>"", 'P15'!$G7, "non") -> non | BP11: =IF('P16'!$G7<>"", 'P16'!$G7, "non") -> non | BQ11: =IF('P17'!$G7<>"", 'P17'!$G7, "non") -> non | BR11: =IF('P18'!$G7<>"", 'P18'!$G7, "non") -> non | BS11: =IF('P19'!$G7<>"", 'P19'!$G7, "non") -> non | BT11: =IF('P20'!$G7<>"", 'P20'!$G7, "non") -> non | BU11: =IF('P21'!$G7<>"", 'P21'!$G7, "non") -> non | BV11: =IF('P22'!$G7<>"", 'P22'!$G7, "non") -> non | BW11: =IF('P23'!$G7<>"", 'P23'!$G7, "non") -> non | BX11: =IF('P24'!$G7<>"", 'P24'!$G7, "non") -> non | BY11: =IF('P25'!$G7<>"", 'P25'!$G7, "non") -> non | BZ11: =IF('P26'!$G7<>"", 'P26'!$G7, "non") -> non | CA11: =IF('P27'!$G7<>"", 'P27'!$G7, "non") -> non | CB11: =IF('P28'!$G7<>"", 'P28'!$G7, "non") -> non | CC11: =IF('P29'!$G7<>"", 'P29'!$G7, "non") -> non | CD11: =IF('P30'!$G7<>"", 'P30'!$G7, "non") -> non | CE11: =IF('P31'!$G7<>"", 'P31'!$G7, "non") -> non | CF11: =IF('P32'!$G7<>"", 'P32'!$G7, "non") -> non | CG11: =IF('P33'!$G7<>"", 'P33'!$G7, "non") -> non | CH11: =IF('P34'!$G7<>"", 'P34'!$G7, "non") -> non | CI11: =IF('P35'!$G7<>"", 'P35'!$G7, "non") -> non | CJ11: =IF('P36'!$G7<>"", 'P36'!$G7, "non") -> non | CK11: =IF('P37'!$G7<>"", 'P37'!$G7, "non") -> non | CL11: =IF('P38'!$G7<>"", 'P38'!$G7, "non") -> non | CM11: =IF('P39'!$G7<>"", 'P39'!$G7, "non") -> non | CN11: =IF('P40'!$G7<>"", 'P40'!$G7, "non") -> non
A12: ='Critères et tests'!B7 -> IMAGES | B12: ='Critères et tests'!$A7 -> 1.5 | C12: =VLOOKUP(B12,'Critères et tests'!$1:$1048576,5,FALSE) -> Pour chaque image utilisée comme CAPTCHA, une solution d’accès alternatif au contenu ou à la fonction du CAPTCHA est-elle présente ? | D12: ='Critères et tests'!$C7 -> A | E12: RGAA | F12: =IF('P01'!$E8>"",'P01'!$E8&" "&CHAR(10)&'P01'!$F8,'P01'!$E8) -> 0 | G12: =IF('P02'!$E8>"",'P02'!$E8&" "&CHAR(10)&'P02'!$F8,'P02'!$E8) -> 0 | H12: =IF('P03'!$E8>"",'P03'!$E8&" "&CHAR(10)&'P03'!$F8,'P03'!$E8) -> 0 | I12: =IF('P04'!$E8>"",'P04'!$E8&" "&CHAR(10)&'P04'!$F8,'P04'!$E8) -> 0 | J12: =IF('P05'!$E8>"",'P05'!$E8&" "&CHAR(10)&'P05'!$F8,'P05'!$E8) -> 0 | K12: =IF('P06'!$E8>"",'P06'!$E8&" "&CHAR(10)&'P06'!$F8,'P06'!$E8) -> 0 | L12: =IF('P07'!$E8>"",'P07'!$E8&" "&CHAR(10)&'P07'!$F8,'P07'!$E8) -> 0 | M12: =IF('P08'!$E8>"",'P08'!$E8&" "&CHAR(10)&'P08'!$F8,'P08'!$E8) -> 0 | N12: =IF('P09'!$E8>"",'P09'!$E8&" "&CHAR(10)&'P09'!$F8,'P09'!$E8) -> 0 | O12: =IF('P10'!$E8>"",'P10'!$E8&" "&CHAR(10)&'P10'!$F8,'P10'!$E8) -> 0 | P12: =IF('P11'!$E8>"",'P11'!$E8&" "&CHAR(10)&'P11'!$F8,'P11'!$E8) -> 0 | Q12: =IF('P12'!$E8>"",'P12'!$E8&" "&CHAR(10)&'P12'!$F8,'P12'!$E8) -> 0 | R12: =IF('P13'!$E8>"",'P13'!$E8&" "&CHAR(10)&'P13'!$F8,'P13'!$E8) -> 0 | S12: =IF('P14'!$E8>"",'P14'!$E8&" "&CHAR(10)&'P14'!$F8,'P14'!$E8) -> 0 | T12: =IF('P15'!$E8>"",'P15'!$E8&" "&CHAR(10)&'P15'!$F8,'P15'!$E8) -> 0 | U12: =IF('P16'!$E8>"",'P16'!$E8&" "&CHAR(10)&'P16'!$F8,'P16'!$E8) -> 0 | V12: =IF('P17'!$E8>"",'P17'!$E8&" "&CHAR(10)&'P17'!$F8,'P17'!$E8) -> 0 | W12: =IF('P18'!$E8>"",'P18'!$E8&" "&CHAR(10)&'P18'!$F8,'P18'!$E8) -> 0 | X12: =IF('P19'!$E8>"",'P19'!$E8&" "&CHAR(10)&'P19'!$F8,'P19'!$E8) -> 0 | Y12: =IF('P20'!$E8>"",'P20'!$E8&" "&CHAR(10)&'P20'!$F8,'P20'!$E8) -> 0 | Z12: =IF('P21'!$E8>"",'P21'!$E8&" "&CHAR(10)&'P21'!$F8,'P21'!$E8) -> 0 | AA12: =IF('P22'!$E8>"",'P22'!$E8&" "&CHAR(10)&'P22'!$F8,'P22'!$E8) -> 0 | AB12: =IF('P23'!$E8>"",'P23'!$E8&" "&CHAR(10)&'P23'!$F8,'P23'!$E8) -> 0 | AC12: =IF('P24'!$E8>"",'P24'!$E8&" "&CHAR(10)&'P24'!$F8,'P24'!$E8) -> 0 | AD12: =IF('P25'!$E8>"",'P25'!$E8&" "&CHAR(10)&'P25'!$F8,'P25'!$E8) -> 0 | AE12: =IF('P26'!$E8>"",'P26'!$E8&" "&CHAR(10)&'P26'!$F8,'P26'!$E8) -> 0 | AF12: =IF('P27'!$E8>"",'P27'!$E8&" "&CHAR(10)&'P27'!$F8,'P27'!$E8) -> 0 | AG12: =IF('P28'!$E8>"",'P28'!$E8&" "&CHAR(10)&'P28'!$F8,'P28'!$E8) -> 0 | AH12: =IF('P29'!$E8>"",'P29'!$E8&" "&CHAR(10)&'P29'!$F8,'P29'!$E8) -> 0 | AI12: =IF('P30'!$E8>"",'P30'!$E8&" "&CHAR(10)&'P30'!$F8,'P30'!$E8) -> 0 | AJ12: =IF('P31'!$E8>"",'P31'!$E8&" "&CHAR(10)&'P31'!$F8,'P31'!$E8) -> 0 | AK12: =IF('P32'!$E8>"",'P32'!$E8&" "&CHAR(10)&'P32'!$F8,'P32'!$E8) -> 0 | AL12: =IF('P33'!$E8>"",'P33'!$E8&" "&CHAR(10)&'P33'!$F8,'P33'!$E8) -> 0 | AM12: =IF('P34'!$E8>"",'P34'!$E8&" "&CHAR(10)&'P34'!$F8,'P34'!$E8) -> 0 | AN12: =IF('P35'!$E8>"",'P35'!$E8&" "&CHAR(10)&'P35'!$F8,'P35'!$E8) -> 0 | AO12: =IF('P36'!$E8>"",'P36'!$E8&" "&CHAR(10)&'P36'!$F8,'P36'!$E8) -> 0 | AP12: =IF('P37'!$E8>"",'P37'!$E8&" "&CHAR(10)&'P37'!$F8,'P37'!$E8) -> 0 | AQ12: =IF('P38'!$E8>"",'P38'!$E8&" "&CHAR(10)&'P38'!$F8,'P38'!$E8) -> 0 | AR12: =IF('P39'!$E8>"",'P39'!$E8&" "&CHAR(10)&'P39'!$F8,'P39'!$E8) -> 0 | AS12: =IF('P40'!$E8>"",'P40'!$E8&" "&CHAR(10)&'P40'!$F8,'P40'!$E8) -> 0 | AT12: =COUNTIF(F12:AS12,"C*") -> 0 | AU12: =COUNTIF(F12:AS12,"NC*") -> 0 | AV12: =COUNTIF(F12:AS12,"NA*") -> 0 | AW12: =IF(AU12>0,"NC",IF(AT12>0,"C",IF($AV12>0,"NA","NT"))) -> NT | BA12: =IF('P01'!$G8<>"", 'P01'!$G8, "non") -> non | BB12: =IF('P02'!$G8<>"", 'P02'!$G8, "non") -> non | BC12: =IF('P03'!$G8<>"", 'P03'!$G8, "non") -> non | BD12: =IF('P04'!$G8<>"", 'P04'!$G8, "non") -> non | BE12: =IF('P05'!$G8<>"", 'P05'!$G8, "non") -> non | BF12: =IF('P06'!$G8<>"", 'P06'!$G8, "non") -> non | BG12: =IF('P07'!$G8<>"", 'P07'!$G8, "non") -> non | BH12: =IF('P08'!$G8<>"", 'P08'!$G8, "non") -> non | BI12: =IF('P09'!$G8<>"", 'P09'!$G8, "non") -> non | BJ12: =IF('P10'!$G8<>"", 'P10'!$G8, "non") -> non | BK12: =IF('P11'!$G8<>"", 'P11'!$G8, "non") -> non | BL12: =IF('P12'!$G8<>"", 'P12'!$G8, "non") -> non | BM12: =IF('P13'!$G8<>"", 'P13'!$G8, "non") -> non | BN12: =IF('P14'!$G8<>"", 'P14'!$G8, "non") -> non | BO12: =IF('P15'!$G8<>"", 'P15'!$G8, "non") -> non | BP12: =IF('P16'!$G8<>"", 'P16'!$G8, "non") -> non | BQ12: =IF('P17'!$G8<>"", 'P17'!$G8, "non") -> non | BR12: =IF('P18'!$G8<>"", 'P18'!$G8, "non") -> non | BS12: =IF('P19'!$G8<>"", 'P19'!$G8, "non") -> non | BT12: =IF('P20'!$G8<>"", 'P20'!$G8, "non") -> non | BU12: =IF('P21'!$G8<>"", 'P21'!$G8, "non") -> non | BV12: =IF('P22'!$G8<>"", 'P22'!$G8, "non") -> non | BW12: =IF('P23'!$G8<>"", 'P23'!$G8, "non") -> non | BX12: =IF('P24'!$G8<>"", 'P24'!$G8, "non") -> non | BY12: =IF('P25'!$G8<>"", 'P25'!$G8, "non") -> non | BZ12: =IF('P26'!$G8<>"", 'P26'!$G8, "non") -> non | CA12: =IF('P27'!$G8<>"", 'P27'!$G8, "non") -> non | CB12: =IF('P28'!$G8<>"", 'P28'!$G8, "non") -> non | CC12: =IF('P29'!$G8<>"", 'P29'!$G8, "non") -> non | CD12: =IF('P30'!$G8<>"", 'P30'!$G8, "non") -> non | CE12: =IF('P31'!$G8<>"", 'P31'!$G8, "non") -> non | CF12: =IF('P32'!$G8<>"", 'P32'!$G8, "non") -> non | CG12: =IF('P33'!$G8<>"", 'P33'!$G8, "non") -> non | CH12: =IF('P34'!$G8<>"", 'P34'!$G8, "non") -> non | CI12: =IF('P35'!$G8<>"", 'P35'!$G8, "non") -> non | CJ12: =IF('P36'!$G8<>"", 'P36'!$G8, "non") -> non | CK12: =IF('P37'!$G8<>"", 'P37'!$G8, "non") -> non | CL12: =IF('P38'!$G8<>"", 'P38'!$G8, "non") -> non | CM12: =IF('P39'!$G8<>"", 'P39'!$G8, "non") -> non | CN12: =IF('P40'!$G8<>"", 'P40'!$G8, "non") -> non
A13: ='Critères et tests'!B8 -> IMAGES | B13: ='Critères et tests'!$A8 -> 1.6 | C13: =VLOOKUP(B13,'Critères et tests'!$1:$1048576,5,FALSE) -> Chaque image porteuse d’information a-t-elle, si nécessaire, une description détaillée ? | D13: ='Critères et tests'!$C8 -> A | E13: RGAA | F13: =IF('P01'!$E9>"",'P01'!$E9&" "&CHAR(10)&'P01'!$F9,'P01'!$E9) -> 0 | G13: =IF('P02'!$E9>"",'P02'!$E9&" "&CHAR(10)&'P02'!$F9,'P02'!$E9) -> 0 | H13: =IF('P03'!$E9>"",'P03'!$E9&" "&CHAR(10)&'P03'!$F9,'P03'!$E9) -> 0 | I13: =IF('P04'!$E9>"",'P04'!$E9&" "&CHAR(10)&'P04'!$F9,'P04'!$E9) -> 0 | J13: =IF('P05'!$E9>"",'P05'!$E9&" "&CHAR(10)&'P05'!$F9,'P05'!$E9) -> 0 | K13: =IF('P06'!$E9>"",'P06'!$E9&" "&CHAR(10)&'P06'!$F9,'P06'!$E9) -> 0 | L13: =IF('P07'!$E9>"",'P07'!$E9&" "&CHAR(10)&'P07'!$F9,'P07'!$E9) -> 0 | M13: =IF('P08'!$E9>"",'P08'!$E9&" "&CHAR(10)&'P08'!$F9,'P08'!$E9) -> 0 | N13: =IF('P09'!$E9>"",'P09'!$E9&" "&CHAR(10)&'P09'!$F9,'P09'!$E9) -> 0 | O13: =IF('P10'!$E9>"",'P10'!$E9&" "&CHAR(10)&'P10'!$F9,'P10'!$E9) -> 0 | P13: =IF('P11'!$E9>"",'P11'!$E9&" "&CHAR(10)&'P11'!$F9,'P11'!$E9) -> 0 | Q13: =IF('P12'!$E9>"",'P12'!$E9&" "&CHAR(10)&'P12'!$F9,'P12'!$E9) -> 0 | R13: =IF('P13'!$E9>"",'P13'!$E9&" "&CHAR(10)&'P13'!$F9,'P13'!$E9) -> 0 | S13: =IF('P14'!$E9>"",'P14'!$E9&" "&CHAR(10)&'P14'!$F9,'P14'!$E9) -> 0 | T13: =IF('P15'!$E9>"",'P15'!$E9&" "&CHAR(10)&'P15'!$F9,'P15'!$E9) -> 0 | U13: =IF('P16'!$E9>"",'P16'!$E9&" "&CHAR(10)&'P16'!$F9,'P16'!$E9) -> 0 | V13: =IF('P17'!$E9>"",'P17'!$E9&" "&CHAR(10)&'P17'!$F9,'P17'!$E9) -> 0 | W13: =IF('P18'!$E9>"",'P18'!$E9&" "&CHAR(10)&'P18'!$F9,'P18'!$E9) -> 0 | X13: =IF('P19'!$E9>"",'P19'!$E9&" "&CHAR(10)&'P19'!$F9,'P19'!$E9) -> 0 | Y13: =IF('P20'!$E9>"",'P20'!$E9&" "&CHAR(10)&'P20'!$F9,'P20'!$E9) -> 0 | Z13: =IF('P21'!$E9>"",'P21'!$E9&" "&CHAR(10)&'P21'!$F9,'P21'!$E9) -> 0 | AA13: =IF('P22'!$E9>"",'P22'!$E9&" "&CHAR(10)&'P22'!$F9,'P22'!$E9) -> 0 | AB13: =IF('P23'!$E9>"",'P23'!$E9&" "&CHAR(10)&'P23'!$F9,'P23'!$E9) -> 0 | AC13: =IF('P24'!$E9>"",'P24'!$E9&" "&CHAR(10)&'P24'!$F9,'P24'!$E9) -> 0 | AD13: =IF('P25'!$E9>"",'P25'!$E9&" "&CHAR(10)&'P25'!$F9,'P25'!$E9) -> 0 | AE13: =IF('P26'!$E9>"",'P26'!$E9&" "&CHAR(10)&'P26'!$F9,'P26'!$E9) -> 0 | AF13: =IF('P27'!$E9>"",'P27'!$E9&" "&CHAR(10)&'P27'!$F9,'P27'!$E9) -> 0 | AG13: =IF('P28'!$E9>"",'P28'!$E9&" "&CHAR(10)&'P28'!$F9,'P28'!$E9) -> 0 | AH13: =IF('P29'!$E9>"",'P29'!$E9&" "&CHAR(10)&'P29'!$F9,'P29'!$E9) -> 0 | AI13: =IF('P30'!$E9>"",'P30'!$E9&" "&CHAR(10)&'P30'!$F9,'P30'!$E9) -> 0 | AJ13: =IF('P31'!$E9>"",'P31'!$E9&" "&CHAR(10)&'P31'!$F9,'P31'!$E9) -> 0 | AK13: =IF('P32'!$E9>"",'P32'!$E9&" "&CHAR(10)&'P32'!$F9,'P32'!$E9) -> 0 | AL13: =IF('P33'!$E9>"",'P33'!$E9&" "&CHAR(10)&'P33'!$F9,'P33'!$E9) -> 0 | AM13: =IF('P34'!$E9>"",'P34'!$E9&" "&CHAR(10)&'P34'!$F9,'P34'!$E9) -> 0 | AN13: =IF('P35'!$E9>"",'P35'!$E9&" "&CHAR(10)&'P35'!$F9,'P35'!$E9) -> 0 | AO13: =IF('P36'!$E9>"",'P36'!$E9&" "&CHAR(10)&'P36'!$F9,'P36'!$E9) -> 0 | AP13: =IF('P37'!$E9>"",'P37'!$E9&" "&CHAR(10)&'P37'!$F9,'P37'!$E9) -> 0 | AQ13: =IF('P38'!$E9>"",'P38'!$E9&" "&CHAR(10)&'P38'!$F9,'P38'!$E9) -> 0 | AR13: =IF('P39'!$E9>"",'P39'!$E9&" "&CHAR(10)&'P39'!$F9,'P39'!$E9) -> 0 | AS13: =IF('P40'!$E9>"",'P40'!$E9&" "&CHAR(10)&'P40'!$F9,'P40'!$E9) -> 0 | AT13: =COUNTIF(F13:AS13,"C*") -> 0 | AU13: =COUNTIF(F13:AS13,"NC*") -> 0 | AV13: =COUNTIF(F13:AS13,"NA*") -> 0 | AW13: =IF(AU13>0,"NC",IF(AT13>0,"C",IF($AV13>0,"NA","NT"))) -> NT | BA13: =IF('P01'!$G9<>"", 'P01'!$G9, "non") -> non | BB13: =IF('P02'!$G9<>"", 'P02'!$G9, "non") -> non | BC13: =IF('P03'!$G9<>"", 'P03'!$G9, "non") -> non | BD13: =IF('P04'!$G9<>"", 'P04'!$G9, "non") -> non | BE13: =IF('P05'!$G9<>"", 'P05'!$G9, "non") -> non | BF13: =IF('P06'!$G9<>"", 'P06'!$G9, "non") -> non | BG13: =IF('P07'!$G9<>"", 'P07'!$G9, "non") -> non | BH13: =IF('P08'!$G9<>"", 'P08'!$G9, "non") -> non | BI13: =IF('P09'!$G9<>"", 'P09'!$G9, "non") -> non | BJ13: =IF('P10'!$G9<>"", 'P10'!$G9, "non") -> non | BK13: =IF('P11'!$G9<>"", 'P11'!$G9, "non") -> non | BL13: =IF('P12'!$G9<>"", 'P12'!$G9, "non") -> non | BM13: =IF('P13'!$G9<>"", 'P13'!$G9, "non") -> non | BN13: =IF('P14'!$G9<>"", 'P14'!$G9, "non") -> non | BO13: =IF('P15'!$G9<>"", 'P15'!$G9, "non") -> non | BP13: =IF('P16'!$G9<>"", 'P16'!$G9, "non") -> non | BQ13: =IF('P17'!$G9<>"", 'P17'!$G9, "non") -> non | BR13: =IF('P18'!$G9<>"", 'P18'!$G9, "non") -> non | BS13: =IF('P19'!$G9<>"", 'P19'!$G9, "non") -> non | BT13: =IF('P20'!$G9<>"", 'P20'!$G9, "non") -> non | BU13: =IF('P21'!$G9<>"", 'P21'!$G9, "non") -> non | BV13: =IF('P22'!$G9<>"", 'P22'!$G9, "non") -> non | BW13: =IF('P23'!$G9<>"", 'P23'!$G9, "non") -> non | BX13: =IF('P24'!$G9<>"", 'P24'!$G9, "non") -> non | BY13: =IF('P25'!$G9<>"", 'P25'!$G9, "non") -> non | BZ13: =IF('P26'!$G9<>"", 'P26'!$G9, "non") -> non | CA13: =IF('P27'!$G9<>"", 'P27'!$G9, "non") -> non | CB13: =IF('P28'!$G9<>"", 'P28'!$G9, "non") -> non | CC13: =IF('P29'!$G9<>"", 'P29'!$G9, "non") -> non | CD13: =IF('P30'!$G9<>"", 'P30'!$G9, "non") -> non | CE13: =IF('P31'!$G9<>"", 'P31'!$G9, "non") -> non | CF13: =IF('P32'!$G9<>"", 'P32'!$G9, "non") -> non | CG13: =IF('P33'!$G9<>"", 'P33'!$G9, "non") -> non | CH13: =IF('P34'!$G9<>"", 'P34'!$G9, "non") -> non | CI13: =IF('P35'!$G9<>"", 'P35'!$G9, "non") -> non | CJ13: =IF('P36'!$G9<>"", 'P36'!$G9, "non") -> non | CK13: =IF('P37'!$G9<>"", 'P37'!$G9, "non") -> non | CL13: =IF('P38'!$G9<>"", 'P38'!$G9, "non") -> non | CM13: =IF('P39'!$G9<>"", 'P39'!$G9, "non") -> non | CN13: =IF('P40'!$G9<>"", 'P40'!$G9, "non") -> non
A14: ='Critères et tests'!B9 -> IMAGES | B14: ='Critères et tests'!$A9 -> 1.7 | C14: =VLOOKUP(B14,'Critères et tests'!$1:$1048576,5,FALSE) -> Pour chaque image porteuse d’information ayant une description détaillée, cette description est-elle pertinente ? | D14: ='Critères et tests'!$C9 -> A | E14: RGAA | F14: =IF('P01'!$E10>"",'P01'!$E10&" "&CHAR(10)&'P01'!$F10,'P01'!$E10) -> 0 | G14: =IF('P02'!$E10>"",'P02'!$E10&" "&CHAR(10)&'P02'!$F10,'P02'!$E10) -> 0 | H14: =IF('P03'!$E10>"",'P03'!$E10&" "&CHAR(10)&'P03'!$F10,'P03'!$E10) -> 0 | I14: =IF('P04'!$E10>"",'P04'!$E10&" "&CHAR(10)&'P04'!$F10,'P04'!$E10) -> 0 | J14: =IF('P05'!$E10>"",'P05'!$E10&" "&CHAR(10)&'P05'!$F10,'P05'!$E10) -> 0 | K14: =IF('P06'!$E10>"",'P06'!$E10&" "&CHAR(10)&'P06'!$F10,'P06'!$E10) -> 0 | L14: =IF('P07'!$E10>"",'P07'!$E10&" "&CHAR(10)&'P07'!$F10,'P07'!$E10) -> 0 | M14: =IF('P08'!$E10>"",'P08'!$E10&" "&CHAR(10)&'P08'!$F10,'P08'!$E10) -> 0 | N14: =IF('P09'!$E10>"",'P09'!$E10&" "&CHAR(10)&'P09'!$F10,'P09'!$E10) -> 0 | O14: =IF('P10'!$E10>"",'P10'!$E10&" "&CHAR(10)&'P10'!$F10,'P10'!$E10) -> 0 | P14: =IF('P11'!$E10>"",'P11'!$E10&" "&CHAR(10)&'P11'!$F10,'P11'!$E10) -> 0 | Q14: =IF('P12'!$E10>"",'P12'!$E10&" "&CHAR(10)&'P12'!$F10,'P12'!$E10) -> 0 | R14: =IF('P13'!$E10>"",'P13'!$E10&" "&CHAR(10)&'P13'!$F10,'P13'!$E10) -> 0 | S14: =IF('P14'!$E10>"",'P14'!$E10&" "&CHAR(10)&'P14'!$F10,'P14'!$E10) -> 0 | T14: =IF('P15'!$E10>"",'P15'!$E10&" "&CHAR(10)&'P15'!$F10,'P15'!$E10) -> 0 | U14: =IF('P16'!$E10>"",'P16'!$E10&" "&CHAR(10)&'P16'!$F10,'P16'!$E10) -> 0 | V14: =IF('P17'!$E10>"",'P17'!$E10&" "&CHAR(10)&'P17'!$F10,'P17'!$E10) -> 0 | W14: =IF('P18'!$E10>"",'P18'!$E10&" "&CHAR(10)&'P18'!$F10,'P18'!$E10) -> 0 | X14: =IF('P19'!$E10>"",'P19'!$E10&" "&CHAR(10)&'P19'!$F10,'P19'!$E10) -> 0 | Y14: =IF('P20'!$E10>"",'P20'!$E10&" "&CHAR(10)&'P20'!$F10,'P20'!$E10) -> 0 | Z14: =IF('P21'!$E10>"",'P21'!$E10&" "&CHAR(10)&'P21'!$F10,'P21'!$E10) -> 0 | AA14: =IF('P22'!$E10>"",'P22'!$E10&" "&CHAR(10)&'P22'!$F10,'P22'!$E10) -> 0 | AB14: =IF('P23'!$E10>"",'P23'!$E10&" "&CHAR(10)&'P23'!$F10,'P23'!$E10) -> 0 | AC14: =IF('P24'!$E10>"",'P24'!$E10&" "&CHAR(10)&'P24'!$F10,'P24'!$E10) -> 0 | AD14: =IF('P25'!$E10>"",'P25'!$E10&" "&CHAR(10)&'P25'!$F10,'P25'!$E10) -> 0 | AE14: =IF('P26'!$E10>"",'P26'!$E10&" "&CHAR(10)&'P26'!$F10,'P26'!$E10) -> 0 | AF14: =IF('P27'!$E10>"",'P27'!$E10&" "&CHAR(10)&'P27'!$F10,'P27'!$E10) -> 0 | AG14: =IF('P28'!$E10>"",'P28'!$E10&" "&CHAR(10)&'P28'!$F10,'P28'!$E10) -> 0 | AH14: =IF('P29'!$E10>"",'P29'!$E10&" "&CHAR(10)&'P29'!$F10,'P29'!$E10) -> 0 | AI14: =IF('P30'!$E10>"",'P30'!$E10&" "&CHAR(10)&'P30'!$F10,'P30'!$E10) -> 0 | AJ14: =IF('P31'!$E10>"",'P31'!$E10&" "&CHAR(10)&'P31'!$F10,'P31'!$E10) -> 0 | AK14: =IF('P32'!$E10>"",'P32'!$E10&" "&CHAR(10)&'P32'!$F10,'P32'!$E10) -> 0 | AL14: =IF('P33'!$E10>"",'P33'!$E10&" "&CHAR(10)&'P33'!$F10,'P33'!$E10) -> 0 | AM14: =IF('P34'!$E10>"",'P34'!$E10&" "&CHAR(10)&'P34'!$F10,'P34'!$E10) -> 0 | AN14: =IF('P35'!$E10>"",'P35'!$E10&" "&CHAR(10)&'P35'!$F10,'P35'!$E10) -> 0 | AO14: =IF('P36'!$E10>"",'P36'!$E10&" "&CHAR(10)&'P36'!$F10,'P36'!$E10) -> 0 | AP14: =IF('P37'!$E10>"",'P37'!$E10&" "&CHAR(10)&'P37'!$F10,'P37'!$E10) -> 0 | AQ14: =IF('P38'!$E10>"",'P38'!$E10&" "&CHAR(10)&'P38'!$F10,'P38'!$E10) -> 0 | AR14: =IF('P39'!$E10>"",'P39'!$E10&" "&CHAR(10)&'P39'!$F10,'P39'!$E10) -> 0 | AS14: =IF('P40'!$E10>"",'P40'!$E10&" "&CHAR(10)&'P40'!$F10,'P40'!$E10) -> 0 | AT14: =COUNTIF(F14:AS14,"C*") -> 0 | AU14: =COUNTIF(F14:AS14,"NC*") -> 0 | AV14: =COUNTIF(F14:AS14,"NA*") -> 0 | AW14: =IF(AU14>0,"NC",IF(AT14>0,"C",IF($AV14>0,"NA","NT"))) -> NT | BA14: =IF('P01'!$G10<>"", 'P01'!$G10, "non") -> non | BB14: =IF('P02'!$G10<>"", 'P02'!$G10, "non") -> non | BC14: =IF('P03'!$G10<>"", 'P03'!$G10, "non") -> non | BD14: =IF('P04'!$G10<>"", 'P04'!$G10, "non") -> non | BE14: =IF('P05'!$G10<>"", 'P05'!$G10, "non") -> non | BF14: =IF('P06'!$G10<>"", 'P06'!$G10, "non") -> non | BG14: =IF('P07'!$G10<>"", 'P07'!$G10, "non") -> non | BH14: =IF('P08'!$G10<>"", 'P08'!$G10, "non") -> non | BI14: =IF('P09'!$G10<>"", 'P09'!$G10, "non") -> non | BJ14: =IF('P10'!$G10<>"", 'P10'!$G10, "non") -> non | BK14: =IF('P11'!$G10<>"", 'P11'!$G10, "non") -> non | BL14: =IF('P12'!$G10<>"", 'P12'!$G10, "non") -> non | BM14: =IF('P13'!$G10<>"", 'P13'!$G10, "non") -> non | BN14: =IF('P14'!$G10<>"", 'P14'!$G10, "non") -> non | BO14: =IF('P15'!$G10<>"", 'P15'!$G10, "non") -> non | BP14: =IF('P16'!$G10<>"", 'P16'!$G10, "non") -> non | BQ14: =IF('P17'!$G10<>"", 'P17'!$G10, "non") -> non | BR14: =IF('P18'!$G10<>"", 'P18'!$G10, "non") -> non | BS14: =IF('P19'!$G10<>"", 'P19'!$G10, "non") -> non | BT14: =IF('P20'!$G10<>"", 'P20'!$G10, "non") -> non | BU14: =IF('P21'!$G10<>"", 'P21'!$G10, "non") -> non | BV14: =IF('P22'!$G10<>"", 'P22'!$G10, "non") -> non | BW14: =IF('P23'!$G10<>"", 'P23'!$G10, "non") -> non | BX14: =IF('P24'!$G10<>"", 'P24'!$G10, "non") -> non | BY14: =IF('P25'!$G10<>"", 'P25'!$G10, "non") -> non | BZ14: =IF('P26'!$G10<>"", 'P26'!$G10, "non") -> non | CA14: =IF('P27'!$G10<>"", 'P27'!$G10, "non") -> non | CB14: =IF('P28'!$G10<>"", 'P28'!$G10, "non") -> non | CC14: =IF('P29'!$G10<>"", 'P29'!$G10, "non") -> non | CD14: =IF('P30'!$G10<>"", 'P30'!$G10, "non") -> non | CE14: =IF('P31'!$G10<>"", 'P31'!$G10, "non") -> non | CF14: =IF('P32'!$G10<>"", 'P32'!$G10, "non") -> non | CG14: =IF('P33'!$G10<>"", 'P33'!$G10, "non") -> non | CH14: =IF('P34'!$G10<>"", 'P34'!$G10, "non") -> non | CI14: =IF('P35'!$G10<>"", 'P35'!$G10, "non") -> non | CJ14: =IF('P36'!$G10<>"", 'P36'!$G10, "non") -> non | CK14: =IF('P37'!$G10<>"", 'P37'!$G10, "non") -> non | CL14: =IF('P38'!$G10<>"", 'P38'!$G10, "non") -> non | CM14: =IF('P39'!$G10<>"", 'P39'!$G10, "non") -> non | CN14: =IF('P40'!$G10<>"", 'P40'!$G10, "non") -> non
A15: ='Critères et tests'!B10 -> IMAGES | B15: ='Critères et tests'!$A10 -> 1.8 | C15: =VLOOKUP(B15,'Critères et tests'!$1:$1048576,5,FALSE) -> Chaque image texte porteuse d’information, en l’absence d’un mécanisme de remplacement, doit si possible être remplacée par du texte stylé. Cette règle est-elle respectée (hors cas particuliers) ? | D15: ='Critères et tests'!$C10 -> AA | E15: RGAA | F15: =IF('P01'!$E11>"",'P01'!$E11&" "&CHAR(10)&'P01'!$F11,'P01'!$E11) -> 0 | G15: =IF('P02'!$E11>"",'P02'!$E11&" "&CHAR(10)&'P02'!$F11,'P02'!$E11) -> 0 | H15: =IF('P03'!$E11>"",'P03'!$E11&" "&CHAR(10)&'P03'!$F11,'P03'!$E11) -> 0 | I15: =IF('P04'!$E11>"",'P04'!$E11&" "&CHAR(10)&'P04'!$F11,'P04'!$E11) -> 0 | J15: =IF('P05'!$E11>"",'P05'!$E11&" "&CHAR(10)&'P05'!$F11,'P05'!$E11) -> 0 | K15: =IF('P06'!$E11>"",'P06'!$E11&" "&CHAR(10)&'P06'!$F11,'P06'!$E11) -> 0 | L15: =IF('P07'!$E11>"",'P07'!$E11&" "&CHAR(10)&'P07'!$F11,'P07'!$E11) -> 0 | M15: =IF('P08'!$E11>"",'P08'!$E11&" "&CHAR(10)&'P08'!$F11,'P08'!$E11) -> 0 | N15: =IF('P09'!$E11>"",'P09'!$E11&" "&CHAR(10)&'P09'!$F11,'P09'!$E11) -> 0 | O15: =IF('P10'!$E11>"",'P10'!$E11&" "&CHAR(10)&'P10'!$F11,'P10'!$E11) -> 0 | P15: =IF('P11'!$E11>"",'P11'!$E11&" "&CHAR(10)&'P11'!$F11,'P11'!$E11) -> 0 | Q15: =IF('P12'!$E11>"",'P12'!$E11&" "&CHAR(10)&'P12'!$F11,'P12'!$E11) -> 0 | R15: =IF('P13'!$E11>"",'P13'!$E11&" "&CHAR(10)&'P13'!$F11,'P13'!$E11) -> 0 | S15: =IF('P14'!$E11>"",'P14'!$E11&" "&CHAR(10)&'P14'!$F11,'P14'!$E11) -> 0 | T15: =IF('P15'!$E11>"",'P15'!$E11&" "&CHAR(10)&'P15'!$F11,'P15'!$E11) -> 0 | U15: =IF('P16'!$E11>"",'P16'!$E11&" "&CHAR(10)&'P16'!$F11,'P16'!$E11) -> 0 | V15: =IF('P17'!$E11>"",'P17'!$E11&" "&CHAR(10)&'P17'!$F11,'P17'!$E11) -> 0 | W15: =IF('P18'!$E11>"",'P18'!$E11&" "&CHAR(10)&'P18'!$F11,'P18'!$E11) -> 0 | X15: =IF('P19'!$E11>"",'P19'!$E11&" "&CHAR(10)&'P19'!$F11,'P19'!$E11) -> 0 | Y15: =IF('P20'!$E11>"",'P20'!$E11&" "&CHAR(10)&'P20'!$F11,'P20'!$E11) -> 0 | Z15: =IF('P21'!$E11>"",'P21'!$E11&" "&CHAR(10)&'P21'!$F11,'P21'!$E11) -> 0 | AA15: =IF('P22'!$E11>"",'P22'!$E11&" "&CHAR(10)&'P22'!$F11,'P22'!$E11) -> 0 | AB15: =IF('P23'!$E11>"",'P23'!$E11&" "&CHAR(10)&'P23'!$F11,'P23'!$E11) -> 0 | AC15: =IF('P24'!$E11>"",'P24'!$E11&" "&CHAR(10)&'P24'!$F11,'P24'!$E11) -> 0 | AD15: =IF('P25'!$E11>"",'P25'!$E11&" "&CHAR(10)&'P25'!$F11,'P25'!$E11) -> 0 | AE15: =IF('P26'!$E11>"",'P26'!$E11&" "&CHAR(10)&'P26'!$F11,'P26'!$E11) -> 0 | AF15: =IF('P27'!$E11>"",'P27'!$E11&" "&CHAR(10)&'P27'!$F11,'P27'!$E11) -> 0 | AG15: =IF('P28'!$E11>"",'P28'!$E11&" "&CHAR(10)&'P28'!$F11,'P28'!$E11) -> 0 | AH15: =IF('P29'!$E11>"",'P29'!$E11&" "&CHAR(10)&'P29'!$F11,'P29'!$E11) -> 0 | AI15: =IF('P30'!$E11>"",'P30'!$E11&" "&CHAR(10)&'P30'!$F11,'P30'!$E11) -> 0 | AJ15: =IF('P31'!$E11>"",'P31'!$E11&" "&CHAR(10)&'P31'!$F11,'P31'!$E11) -> 0 | AK15: =IF('P32'!$E11>"",'P32'!$E11&" "&CHAR(10)&'P32'!$F11,'P32'!$E11) -> 0 | AL15: =IF('P33'!$E11>"",'P33'!$E11&" "&CHAR(10)&'P33'!$F11,'P33'!$E11) -> 0 | AM15: =IF('P34'!$E11>"",'P34'!$E11&" "&CHAR(10)&'P34'!$F11,'P34'!$E11) -> 0 | AN15: =IF('P35'!$E11>"",'P35'!$E11&" "&CHAR(10)&'P35'!$F11,'P35'!$E11) -> 0 | AO15: =IF('P36'!$E11>"",'P36'!$E11&" "&CHAR(10)&'P36'!$F11,'P36'!$E11) -> 0 | AP15: =IF('P37'!$E11>"",'P37'!$E11&" "&CHAR(10)&'P37'!$F11,'P37'!$E11) -> 0 | AQ15: =IF('P38'!$E11>"",'P38'!$E11&" "&CHAR(10)&'P38'!$F11,'P38'!$E11) -> 0 | AR15: =IF('P39'!$E11>"",'P39'!$E11&" "&CHAR(10)&'P39'!$F11,'P39'!$E11) -> 0 | AS15: =IF('P40'!$E11>"",'P40'!$E11&" "&CHAR(10)&'P40'!$F11,'P40'!$E11) -> 0 | AT15: =COUNTIF(F15:AS15,"C*") -> 0 | AU15: =COUNTIF(F15:AS15,"NC*") -> 0 | AV15: =COUNTIF(F15:AS15,"NA*") -> 0 | AW15: =IF(AU15>0,"NC",IF(AT15>0,"C",IF($AV15>0,"NA","NT"))) -> NT | BA15: =IF('P01'!$G11<>"", 'P01'!$G11, "non") -> non | BB15: =IF('P02'!$G11<>"", 'P02'!$G11, "non") -> non | BC15: =IF('P03'!$G11<>"", 'P03'!$G11, "non") -> non | BD15: =IF('P04'!$G11<>"", 'P04'!$G11, "non") -> non | BE15: =IF('P05'!$G11<>"", 'P05'!$G11, "non") -> non | BF15: =IF('P06'!$G11<>"", 'P06'!$G11, "non") -> non | BG15: =IF('P07'!$G11<>"", 'P07'!$G11, "non") -> non | BH15: =IF('P08'!$G11<>"", 'P08'!$G11, "non") -> non | BI15: =IF('P09'!$G11<>"", 'P09'!$G11, "non") -> non | BJ15: =IF('P10'!$G11<>"", 'P10'!$G11, "non") -> non | BK15: =IF('P11'!$G11<>"", 'P11'!$G11, "non") -> non | BL15: =IF('P12'!$G11<>"", 'P12'!$G11, "non") -> non | BM15: =IF('P13'!$G11<>"", 'P13'!$G11, "non") -> non | BN15: =IF('P14'!$G11<>"", 'P14'!$G11, "non") -> non | BO15: =IF('P15'!$G11<>"", 'P15'!$G11, "non") -> non | BP15: =IF('P16'!$G11<>"", 'P16'!$G11, "non") -> non | BQ15: =IF('P17'!$G11<>"", 'P17'!$G11, "non") -> non | BR15: =IF('P18'!$G11<>"", 'P18'!$G11, "non") -> non | BS15: =IF('P19'!$G11<>"", 'P19'!$G11, "non") -> non | BT15: =IF('P20'!$G11<>"", 'P20'!$G11, "non") -> non | BU15: =IF('P21'!$G11<>"", 'P21'!$G11, "non") -> non | BV15: =IF('P22'!$G11<>"", 'P22'!$G11, "non") -> non | BW15: =IF('P23'!$G11<>"", 'P23'!$G11, "non") -> non | BX15: =IF('P24'!$G11<>"", 'P24'!$G11, "non") -> non | BY15: =IF('P25'!$G11<>"", 'P25'!$G11, "non") -> non | BZ15: =IF('P26'!$G11<>"", 'P26'!$G11, "non") -> non | CA15: =IF('P27'!$G11<>"", 'P27'!$G11, "non") -> non | CB15: =IF('P28'!$G11<>"", 'P28'!$G11, "non") -> non | CC15: =IF('P29'!$G11<>"", 'P29'!$G11, "non") -> non | CD15: =IF('P30'!$G11<>"", 'P30'!$G11, "non") -> non | CE15: =IF('P31'!$G11<>"", 'P31'!$G11, "non") -> non | CF15: =IF('P32'!$G11<>"", 'P32'!$G11, "non") -> non | CG15: =IF('P33'!$G11<>"", 'P33'!$G11, "non") -> non | CH15: =IF('P34'!$G11<>"", 'P34'!$G11, "non") -> non | CI15: =IF('P35'!$G11<>"", 'P35'!$G11, "non") -> non | CJ15: =IF('P36'!$G11<>"", 'P36'!$G11, "non") -> non | CK15: =IF('P37'!$G11<>"", 'P37'!$G11, "non") -> non | CL15: =IF('P38'!$G11<>"", 'P38'!$G11, "non") -> non | CM15: =IF('P39'!$G11<>"", 'P39'!$G11, "non") -> non | CN15: =IF('P40'!$G11<>"", 'P40'!$G11, "non") -> non
A16: ='Critères et tests'!B11 -> IMAGES | B16: ='Critères et tests'!$A11 -> 1.9 | C16: =VLOOKUP(B16,'Critères et tests'!$1:$1048576,5,FALSE) -> Chaque légende d’image est-elle, si nécessaire, correctement reliée à l’image correspondante ? | D16: ='Critères et tests'!$C11 -> A | E16: RGAA | F16: =IF('P01'!$E12>"",'P01'!$E12&" "&CHAR(10)&'P01'!$F12,'P01'!$E12) -> 0 | G16: =IF('P02'!$E12>"",'P02'!$E12&" "&CHAR(10)&'P02'!$F12,'P02'!$E12) -> 0 | H16: =IF('P03'!$E12>"",'P03'!$E12&" "&CHAR(10)&'P03'!$F12,'P03'!$E12) -> 0 | I16: =IF('P04'!$E12>"",'P04'!$E12&" "&CHAR(10)&'P04'!$F12,'P04'!$E12) -> 0 | J16: =IF('P05'!$E12>"",'P05'!$E12&" "&CHAR(10)&'P05'!$F12,'P05'!$E12) -> 0 | K16: =IF('P06'!$E12>"",'P06'!$E12&" "&CHAR(10)&'P06'!$F12,'P06'!$E12) -> 0 | L16: =IF('P07'!$E12>"",'P07'!$E12&" "&CHAR(10)&'P07'!$F12,'P07'!$E12) -> 0 | M16: =IF('P08'!$E12>"",'P08'!$E12&" "&CHAR(10)&'P08'!$F12,'P08'!$E12) -> 0 | N16: =IF('P09'!$E12>"",'P09'!$E12&" "&CHAR(10)&'P09'!$F12,'P09'!$E12) -> 0 | O16: =IF('P10'!$E12>"",'P10'!$E12&" "&CHAR(10)&'P10'!$F12,'P10'!$E12) -> 0 | P16: =IF('P11'!$E12>"",'P11'!$E12&" "&CHAR(10)&'P11'!$F12,'P11'!$E12) -> 0 | Q16: =IF('P12'!$E12>"",'P12'!$E12&" "&CHAR(10)&'P12'!$F12,'P12'!$E12) -> 0 | R16: =IF('P13'!$E12>"",'P13'!$E12&" "&CHAR(10)&'P13'!$F12,'P13'!$E12) -> 0 | S16: =IF('P14'!$E12>"",'P14'!$E12&" "&CHAR(10)&'P14'!$F12,'P14'!$E12) -> 0 | T16: =IF('P15'!$E12>"",'P15'!$E12&" "&CHAR(10)&'P15'!$F12,'P15'!$E12) -> 0 | U16: =IF('P16'!$E12>"",'P16'!$E12&" "&CHAR(10)&'P16'!$F12,'P16'!$E12) -> 0 | V16: =IF('P17'!$E12>"",'P17'!$E12&" "&CHAR(10)&'P17'!$F12,'P17'!$E12) -> 0 | W16: =IF('P18'!$E12>"",'P18'!$E12&" "&CHAR(10)&'P18'!$F12,'P18'!$E12) -> 0 | X16: =IF('P19'!$E12>"",'P19'!$E12&" "&CHAR(10)&'P19'!$F12,'P19'!$E12) -> 0 | Y16: =IF('P20'!$E12>"",'P20'!$E12&" "&CHAR(10)&'P20'!$F12,'P20'!$E12) -> 0 | Z16: =IF('P21'!$E12>"",'P21'!$E12&" "&CHAR(10)&'P21'!$F12,'P21'!$E12) -> 0 | AA16: =IF('P22'!$E12>"",'P22'!$E12&" "&CHAR(10)&'P22'!$F12,'P22'!$E12) -> 0 | AB16: =IF('P23'!$E12>"",'P23'!$E12&" "&CHAR(10)&'P23'!$F12,'P23'!$E12) -> 0 | AC16: =IF('P24'!$E12>"",'P24'!$E12&" "&CHAR(10)&'P24'!$F12,'P24'!$E12) -> 0 | AD16: =IF('P25'!$E12>"",'P25'!$E12&" "&CHAR(10)&'P25'!$F12,'P25'!$E12) -> 0 | AE16: =IF('P26'!$E12>"",'P26'!$E12&" "&CHAR(10)&'P26'!$F12,'P26'!$E12) -> 0 | AF16: =IF('P27'!$E12>"",'P27'!$E12&" "&CHAR(10)&'P27'!$F12,'P27'!$E12) -> 0 | AG16: =IF('P28'!$E12>"",'P28'!$E12&" "&CHAR(10)&'P28'!$F12,'P28'!$E12) -> 0 | AH16: =IF('P29'!$E12>"",'P29'!$E12&" "&CHAR(10)&'P29'!$F12,'P29'!$E12) -> 0 | AI16: =IF('P30'!$E12>"",'P30'!$E12&" "&CHAR(10)&'P30'!$F12,'P30'!$E12) -> 0 | AJ16: =IF('P31'!$E12>"",'P31'!$E12&" "&CHAR(10)&'P31'!$F12,'P31'!$E12) -> 0 | AK16: =IF('P32'!$E12>"",'P32'!$E12&" "&CHAR(10)&'P32'!$F12,'P32'!$E12) -> 0 | AL16: =IF('P33'!$E12>"",'P33'!$E12&" "&CHAR(10)&'P33'!$F12,'P33'!$E12) -> 0 | AM16: =IF('P34'!$E12>"",'P34'!$E12&" "&CHAR(10)&'P34'!$F12,'P34'!$E12) -> 0 | AN16: =IF('P35'!$E12>"",'P35'!$E12&" "&CHAR(10)&'P35'!$F12,'P35'!$E12) -> 0 | AO16: =IF('P36'!$E12>"",'P36'!$E12&" "&CHAR(10)&'P36'!$F12,'P36'!$E12) -> 0 | AP16: =IF('P37'!$E12>"",'P37'!$E12&" "&CHAR(10)&'P37'!$F12,'P37'!$E12) -> 0 | AQ16: =IF('P38'!$E12>"",'P38'!$E12&" "&CHAR(10)&'P38'!$F12,'P38'!$E12) -> 0 | AR16: =IF('P39'!$E12>"",'P39'!$E12&" "&CHAR(10)&'P39'!$F12,'P39'!$E12) -> 0 | AS16: =IF('P40'!$E12>"",'P40'!$E12&" "&CHAR(10)&'P40'!$F12,'P40'!$E12) -> 0 | AT16: =COUNTIF(F16:AS16,"C*") -> 0 | AU16: =COUNTIF(F16:AS16,"NC*") -> 0 | AV16: =COUNTIF(F16:AS16,"NA*") -> 0 | AW16: =IF(AU16>0,"NC",IF(AT16>0,"C",IF($AV16>0,"NA","NT"))) -> NT | BA16: =IF('P01'!$G12<>"", 'P01'!$G12, "non") -> non | BB16: =IF('P02'!$G12<>"", 'P02'!$G12, "non") -> non | BC16: =IF('P03'!$G12<>"", 'P03'!$G12, "non") -> non | BD16: =IF('P04'!$G12<>"", 'P04'!$G12, "non") -> non | BE16: =IF('P05'!$G12<>"", 'P05'!$G12, "non") -> non | BF16: =IF('P06'!$G12<>"", 'P06'!$G12, "non") -> non | BG16: =IF('P07'!$G12<>"", 'P07'!$G12, "non") -> non | BH16: =IF('P08'!$G12<>"", 'P08'!$G12, "non") -> non | BI16: =IF('P09'!$G12<>"", 'P09'!$G12, "non") -> non | BJ16: =IF('P10'!$G12<>"", 'P10'!$G12, "non") -> non | BK16: =IF('P11'!$G12<>"", 'P11'!$G12, "non") -> non | BL16: =IF('P12'!$G12<>"", 'P12'!$G12, "non") -> non | BM16: =IF('P13'!$G12<>"", 'P13'!$G12, "non") -> non | BN16: =IF('P14'!$G12<>"", 'P14'!$G12, "non") -> non | BO16: =IF('P15'!$G12<>"", 'P15'!$G12, "non") -> non | BP16: =IF('P16'!$G12<>"", 'P16'!$G12, "non") -> non | BQ16: =IF('P17'!$G12<>"", 'P17'!$G12, "non") -> non | BR16: =IF('P18'!$G12<>"", 'P18'!$G12, "non") -> non | BS16: =IF('P19'!$G12<>"", 'P19'!$G12, "non") -> non | BT16: =IF('P20'!$G12<>"", 'P20'!$G12, "non") -> non | BU16: =IF('P21'!$G12<>"", 'P21'!$G12, "non") -> non | BV16: =IF('P22'!$G12<>"", 'P22'!$G12, "non") -> non | BW16: =IF('P23'!$G12<>"", 'P23'!$G12, "non") -> non | BX16: =IF('P24'!$G12<>"", 'P24'!$G12, "non") -> non | BY16: =IF('P25'!$G12<>"", 'P25'!$G12, "non") -> non | BZ16: =IF('P26'!$G12<>"", 'P26'!$G12, "non") -> non | CA16: =IF('P27'!$G12<>"", 'P27'!$G12, "non") -> non | CB16: =IF('P28'!$G12<>"", 'P28'!$G12, "non") -> non | CC16: =IF('P29'!$G12<>"", 'P29'!$G12, "non") -> non | CD16: =IF('P30'!$G12<>"", 'P30'!$G12, "non") -> non | CE16: =IF('P31'!$G12<>"", 'P31'!$G12, "non") -> non | CF16: =IF('P32'!$G12<>"", 'P32'!$G12, "non") -> non | CG16: =IF('P33'!$G12<>"", 'P33'!$G12, "non") -> non | CH16: =IF('P34'!$G12<>"", 'P34'!$G12, "non") -> non | CI16: =IF('P35'!$G12<>"", 'P35'!$G12, "non") -> non | CJ16: =IF('P36'!$G12<>"", 'P36'!$G12, "non") -> non | CK16: =IF('P37'!$G12<>"", 'P37'!$G12, "non") -> non | CL16: =IF('P38'!$G12<>"", 'P38'!$G12, "non") -> non | CM16: =IF('P39'!$G12<>"", 'P39'!$G12, "non") -> non | CN16: =IF('P40'!$G12<>"", 'P40'!$G12, "non") -> non
A17: ='Critères et tests'!B12 -> CADRE | B17: ='Critères et tests'!$A12 -> 2.1 | C17: =VLOOKUP(B17,'Critères et tests'!$1:$1048576,5,FALSE) -> Chaque cadre a-t-il un titre de cadre ? | D17: ='Critères et tests'!$C12 -> A | E17: RGAA | F17: =IF('P01'!$E13>"",'P01'!$E13&" "&CHAR(10)&'P01'!$F13,'P01'!$E13) -> 0 | G17: =IF('P02'!$E13>"",'P02'!$E13&" "&CHAR(10)&'P02'!$F13,'P02'!$E13) -> 0 | H17: =IF('P03'!$E13>"",'P03'!$E13&" "&CHAR(10)&'P03'!$F13,'P03'!$E13) -> 0 | I17: =IF('P04'!$E13>"",'P04'!$E13&" "&CHAR(10)&'P04'!$F13,'P04'!$E13) -> 0 | J17: =IF('P05'!$E13>"",'P05'!$E13&" "&CHAR(10)&'P05'!$F13,'P05'!$E13) -> 0 | K17: =IF('P06'!$E13>"",'P06'!$E13&" "&CHAR(10)&'P06'!$F13,'P06'!$E13) -> 0 | L17: =IF('P07'!$E13>"",'P07'!$E13&" "&CHAR(10)&'P07'!$F13,'P07'!$E13) -> 0 | M17: =IF('P08'!$E13>"",'P08'!$E13&" "&CHAR(10)&'P08'!$F13,'P08'!$E13) -> 0 | N17: =IF('P09'!$E13>"",'P09'!$E13&" "&CHAR(10)&'P09'!$F13,'P09'!$E13) -> 0 | O17: =IF('P10'!$E13>"",'P10'!$E13&" "&CHAR(10)&'P10'!$F13,'P10'!$E13) -> 0 | P17: =IF('P11'!$E13>"",'P11'!$E13&" "&CHAR(10)&'P11'!$F13,'P11'!$E13) -> 0 | Q17: =IF('P12'!$E13>"",'P12'!$E13&" "&CHAR(10)&'P12'!$F13,'P12'!$E13) -> 0 | R17: =IF('P13'!$E13>"",'P13'!$E13&" "&CHAR(10)&'P13'!$F13,'P13'!$E13) -> 0 | S17: =IF('P14'!$E13>"",'P14'!$E13&" "&CHAR(10)&'P14'!$F13,'P14'!$E13) -> 0 | T17: =IF('P15'!$E13>"",'P15'!$E13&" "&CHAR(10)&'P15'!$F13,'P15'!$E13) -> 0 | U17: =IF('P16'!$E13>"",'P16'!$E13&" "&CHAR(10)&'P16'!$F13,'P16'!$E13) -> 0 | V17: =IF('P17'!$E13>"",'P17'!$E13&" "&CHAR(10)&'P17'!$F13,'P17'!$E13) -> 0 | W17: =IF('P18'!$E13>"",'P18'!$E13&" "&CHAR(10)&'P18'!$F13,'P18'!$E13) -> 0 | X17: =IF('P19'!$E13>"",'P19'!$E13&" "&CHAR(10)&'P19'!$F13,'P19'!$E13) -> 0 | Y17: =IF('P20'!$E13>"",'P20'!$E13&" "&CHAR(10)&'P20'!$F13,'P20'!$E13) -> 0 | Z17: =IF('P21'!$E13>"",'P21'!$E13&" "&CHAR(10)&'P21'!$F13,'P21'!$E13) -> 0 | AA17: =IF('P22'!$E13>"",'P22'!$E13&" "&CHAR(10)&'P22'!$F13,'P22'!$E13) -> 0 | AB17: =IF('P23'!$E13>"",'P23'!$E13&" "&CHAR(10)&'P23'!$F13,'P23'!$E13) -> 0 | AC17: =IF('P24'!$E13>"",'P24'!$E13&" "&CHAR(10)&'P24'!$F13,'P24'!$E13) -> 0 | AD17: =IF('P25'!$E13>"",'P25'!$E13&" "&CHAR(10)&'P25'!$F13,'P25'!$E13) -> 0 | AE17: =IF('P26'!$E13>"",'P26'!$E13&" "&CHAR(10)&'P26'!$F13,'P26'!$E13) -> 0 | AF17: =IF('P27'!$E13>"",'P27'!$E13&" "&CHAR(10)&'P27'!$F13,'P27'!$E13) -> 0 | AG17: =IF('P28'!$E13>"",'P28'!$E13&" "&CHAR(10)&'P28'!$F13,'P28'!$E13) -> 0 | AH17: =IF('P29'!$E13>"",'P29'!$E13&" "&CHAR(10)&'P29'!$F13,'P29'!$E13) -> 0 | AI17: =IF('P30'!$E13>"",'P30'!$E13&" "&CHAR(10)&'P30'!$F13,'P30'!$E13) -> 0 | AJ17: =IF('P31'!$E13>"",'P31'!$E13&" "&CHAR(10)&'P31'!$F13,'P31'!$E13) -> 0 | AK17: =IF('P32'!$E13>"",'P32'!$E13&" "&CHAR(10)&'P32'!$F13,'P32'!$E13) -> 0 | AL17: =IF('P33'!$E13>"",'P33'!$E13&" "&CHAR(10)&'P33'!$F13,'P33'!$E13) -> 0 | AM17: =IF('P34'!$E13>"",'P34'!$E13&" "&CHAR(10)&'P34'!$F13,'P34'!$E13) -> 0 | AN17: =IF('P35'!$E13>"",'P35'!$E13&" "&CHAR(10)&'P35'!$F13,'P35'!$E13) -> 0 | AO17: =IF('P36'!$E13>"",'P36'!$E13&" "&CHAR(10)&'P36'!$F13,'P36'!$E13) -> 0 | AP17: =IF('P37'!$E13>"",'P37'!$E13&" "&CHAR(10)&'P37'!$F13,'P37'!$E13) -> 0 | AQ17: =IF('P38'!$E13>"",'P38'!$E13&" "&CHAR(10)&'P38'!$F13,'P38'!$E13) -> 0 | AR17: =IF('P39'!$E13>"",'P39'!$E13&" "&CHAR(10)&'P39'!$F13,'P39'!$E13) -> 0 | AS17: =IF('P40'!$E13>"",'P40'!$E13&" "&CHAR(10)&'P40'!$F13,'P40'!$E13) -> 0 | AT17: =COUNTIF(F17:AS17,"C*") -> 0 | AU17: =COUNTIF(F17:AS17,"NC*") -> 0 | AV17: =COUNTIF(F17:AS17,"NA*") -> 0 | AW17: =IF(AU17>0,"NC",IF(AT17>0,"C",IF($AV17>0,"NA","NT"))) -> NT | BA17: =IF('P01'!$G13<>"", 'P01'!$G13, "non") -> non | BB17: =IF('P02'!$G13<>"", 'P02'!$G13, "non") -> non | BC17: =IF('P03'!$G13<>"", 'P03'!$G13, "non") -> non | BD17: =IF('P04'!$G13<>"", 'P04'!$G13, "non") -> non | BE17: =IF('P05'!$G13<>"", 'P05'!$G13, "non") -> non | BF17: =IF('P06'!$G13<>"", 'P06'!$G13, "non") -> non | BG17: =IF('P07'!$G13<>"", 'P07'!$G13, "non") -> non | BH17: =IF('P08'!$G13<>"", 'P08'!$G13, "non") -> non | BI17: =IF('P09'!$G13<>"", 'P09'!$G13, "non") -> non | BJ17: =IF('P10'!$G13<>"", 'P10'!$G13, "non") -> non | BK17: =IF('P11'!$G13<>"", 'P11'!$G13, "non") -> non | BL17: =IF('P12'!$G13<>"", 'P12'!$G13, "non") -> non | BM17: =IF('P13'!$G13<>"", 'P13'!$G13, "non") -> non | BN17: =IF('P14'!$G13<>"", 'P14'!$G13, "non") -> non | BO17: =IF('P15'!$G13<>"", 'P15'!$G13, "non") -> non | BP17: =IF('P16'!$G13<>"", 'P16'!$G13, "non") -> non | BQ17: =IF('P17'!$G13<>"", 'P17'!$G13, "non") -> non | BR17: =IF('P18'!$G13<>"", 'P18'!$G13, "non") -> non | BS17: =IF('P19'!$G13<>"", 'P19'!$G13, "non") -> non | BT17: =IF('P20'!$G13<>"", 'P20'!$G13, "non") -> non | BU17: =IF('P21'!$G13<>"", 'P21'!$G13, "non") -> non | BV17: =IF('P22'!$G13<>"", 'P22'!$G13, "non") -> non | BW17: =IF('P23'!$G13<>"", 'P23'!$G13, "non") -> non | BX17: =IF('P24'!$G13<>"", 'P24'!$G13, "non") -> non | BY17: =IF('P25'!$G13<>"", 'P25'!$G13, "non") -> non | BZ17: =IF('P26'!$G13<>"", 'P26'!$G13, "non") -> non | CA17: =IF('P27'!$G13<>"", 'P27'!$G13, "non") -> non | CB17: =IF('P28'!$G13<>"", 'P28'!$G13, "non") -> non | CC17: =IF('P29'!$G13<>"", 'P29'!$G13, "non") -> non | CD17: =IF('P30'!$G13<>"", 'P30'!$G13, "non") -> non | CE17: =IF('P31'!$G13<>"", 'P31'!$G13, "non") -> non | CF17: =IF('P32'!$G13<>"", 'P32'!$G13, "non") -> non | CG17: =IF('P33'!$G13<>"", 'P33'!$G13, "non") -> non | CH17: =IF('P34'!$G13<>"", 'P34'!$G13, "non") -> non | CI17: =IF('P35'!$G13<>"", 'P35'!$G13, "non") -> non | CJ17: =IF('P36'!$G13<>"", 'P36'!$G13, "non") -> non | CK17: =IF('P37'!$G13<>"", 'P37'!$G13, "non") -> non | CL17: =IF('P38'!$G13<>"", 'P38'!$G13, "non") -> non | CM17: =IF('P39'!$G13<>"", 'P39'!$G13, "non") -> non | CN17: =IF('P40'!$G13<>"", 'P40'!$G13, "non") -> non
A18: ='Critères et tests'!B13 -> CADRE | B18: ='Critères et tests'!$A13 -> 2.2 | C18: =VLOOKUP(B18,'Critères et tests'!$1:$1048576,5,FALSE) -> Pour chaque cadre ayant un titre de cadre, ce titre de cadre est-il pertinent ? | D18: ='Critères et tests'!$C13 -> A | E18: RGAA | F18: =IF('P01'!$E14>"",'P01'!$E14&" "&CHAR(10)&'P01'!$F14,'P01'!$E14) -> 0 | G18: =IF('P02'!$E14>"",'P02'!$E14&" "&CHAR(10)&'P02'!$F14,'P02'!$E14) -> 0 | H18: =IF('P03'!$E14>"",'P03'!$E14&" "&CHAR(10)&'P03'!$F14,'P03'!$E14) -> 0 | I18: =IF('P04'!$E14>"",'P04'!$E14&" "&CHAR(10)&'P04'!$F14,'P04'!$E14) -> 0 | J18: =IF('P05'!$E14>"",'P05'!$E14&" "&CHAR(10)&'P05'!$F14,'P05'!$E14) -> 0 | K18: =IF('P06'!$E14>"",'P06'!$E14&" "&CHAR(10)&'P06'!$F14,'P06'!$E14) -> 0 | L18: =IF('P07'!$E14>"",'P07'!$E14&" "&CHAR(10)&'P07'!$F14,'P07'!$E14) -> 0 | M18: =IF('P08'!$E14>"",'P08'!$E14&" "&CHAR(10)&'P08'!$F14,'P08'!$E14) -> 0 | N18: =IF('P09'!$E14>"",'P09'!$E14&" "&CHAR(10)&'P09'!$F14,'P09'!$E14) -> 0 | O18: =IF('P10'!$E14>"",'P10'!$E14&" "&CHAR(10)&'P10'!$F14,'P10'!$E14) -> 0 | P18: =IF('P11'!$E14>"",'P11'!$E14&" "&CHAR(10)&'P11'!$F14,'P11'!$E14) -> 0 | Q18: =IF('P12'!$E14>"",'P12'!$E14&" "&CHAR(10)&'P12'!$F14,'P12'!$E14) -> 0 | R18: =IF('P13'!$E14>"",'P13'!$E14&" "&CHAR(10)&'P13'!$F14,'P13'!$E14) -> 0 | S18: =IF('P14'!$E14>"",'P14'!$E14&" "&CHAR(10)&'P14'!$F14,'P14'!$E14) -> 0 | T18: =IF('P15'!$E14>"",'P15'!$E14&" "&CHAR(10)&'P15'!$F14,'P15'!$E14) -> 0 | U18: =IF('P16'!$E14>"",'P16'!$E14&" "&CHAR(10)&'P16'!$F14,'P16'!$E14) -> 0 | V18: =IF('P17'!$E14>"",'P17'!$E14&" "&CHAR(10)&'P17'!$F14,'P17'!$E14) -> 0 | W18: =IF('P18'!$E14>"",'P18'!$E14&" "&CHAR(10)&'P18'!$F14,'P18'!$E14) -> 0 | X18: =IF('P19'!$E14>"",'P19'!$E14&" "&CHAR(10)&'P19'!$F14,'P19'!$E14) -> 0 | Y18: =IF('P20'!$E14>"",'P20'!$E14&" "&CHAR(10)&'P20'!$F14,'P20'!$E14) -> 0 | Z18: =IF('P21'!$E14>"",'P21'!$E14&" "&CHAR(10)&'P21'!$F14,'P21'!$E14) -> 0 | AA18: =IF('P22'!$E14>"",'P22'!$E14&" "&CHAR(10)&'P22'!$F14,'P22'!$E14) -> 0 | AB18: =IF('P23'!$E14>"",'P23'!$E14&" "&CHAR(10)&'P23'!$F14,'P23'!$E14) -> 0 | AC18: =IF('P24'!$E14>"",'P24'!$E14&" "&CHAR(10)&'P24'!$F14,'P24'!$E14) -> 0 | AD18: =IF('P25'!$E14>"",'P25'!$E14&" "&CHAR(10)&'P25'!$F14,'P25'!$E14) -> 0 | AE18: =IF('P26'!$E14>"",'P26'!$E14&" "&CHAR(10)&'P26'!$F14,'P26'!$E14) -> 0 | AF18: =IF('P27'!$E14>"",'P27'!$E14&" "&CHAR(10)&'P27'!$F14,'P27'!$E14) -> 0 | AG18: =IF('P28'!$E14>"",'P28'!$E14&" "&CHAR(10)&'P28'!$F14,'P28'!$E14) -> 0 | AH18: =IF('P29'!$E14>"",'P29'!$E14&" "&CHAR(10)&'P29'!$F14,'P29'!$E14) -> 0 | AI18: =IF('P30'!$E14>"",'P30'!$E14&" "&CHAR(10)&'P30'!$F14,'P30'!$E14) -> 0 | AJ18: =IF('P31'!$E14>"",'P31'!$E14&" "&CHAR(10)&'P31'!$F14,'P31'!$E14) -> 0 | AK18: =IF('P32'!$E14>"",'P32'!$E14&" "&CHAR(10)&'P32'!$F14,'P32'!$E14) -> 0 | AL18: =IF('P33'!$E14>"",'P33'!$E14&" "&CHAR(10)&'P33'!$F14,'P33'!$E14) -> 0 | AM18: =IF('P34'!$E14>"",'P34'!$E14&" "&CHAR(10)&'P34'!$F14,'P34'!$E14) -> 0 | AN18: =IF('P35'!$E14>"",'P35'!$E14&" "&CHAR(10)&'P35'!$F14,'P35'!$E14) -> 0 | AO18: =IF('P36'!$E14>"",'P36'!$E14&" "&CHAR(10)&'P36'!$F14,'P36'!$E14) -> 0 | AP18: =IF('P37'!$E14>"",'P37'!$E14&" "&CHAR(10)&'P37'!$F14,'P37'!$E14) -> 0 | AQ18: =IF('P38'!$E14>"",'P38'!$E14&" "&CHAR(10)&'P38'!$F14,'P38'!$E14) -> 0 | AR18: =IF('P39'!$E14>"",'P39'!$E14&" "&CHAR(10)&'P39'!$F14,'P39'!$E14) -> 0 | AS18: =IF('P40'!$E14>"",'P40'!$E14&" "&CHAR(10)&'P40'!$F14,'P40'!$E14) -> 0 | AT18: =COUNTIF(F18:AS18,"C*") -> 0 | AU18: =COUNTIF(F18:AS18,"NC*") -> 0 | AV18: =COUNTIF(F18:AS18,"NA*") -> 0 | AW18: =IF(AU18>0,"NC",IF(AT18>0,"C",IF($AV18>0,"NA","NT"))) -> NT | BA18: =IF('P01'!$G14<>"", 'P01'!$G14, "non") -> non | BB18: =IF('P02'!$G14<>"", 'P02'!$G14, "non") -> non | BC18: =IF('P03'!$G14<>"", 'P03'!$G14, "non") -> non | BD18: =IF('P04'!$G14<>"", 'P04'!$G14, "non") -> non | BE18: =IF('P05'!$G14<>"", 'P05'!$G14, "non") -> non | BF18: =IF('P06'!$G14<>"", 'P06'!$G14, "non") -> non | BG18: =IF('P07'!$G14<>"", 'P07'!$G14, "non") -> non | BH18: =IF('P08'!$G14<>"", 'P08'!$G14, "non") -> non | BI18: =IF('P09'!$G14<>"", 'P09'!$G14, "non") -> non | BJ18: =IF('P10'!$G14<>"", 'P10'!$G14, "non") -> non | BK18: =IF('P11'!$G14<>"", 'P11'!$G14, "non") -> non | BL18: =IF('P12'!$G14<>"", 'P12'!$G14, "non") -> non | BM18: =IF('P13'!$G14<>"", 'P13'!$G14, "non") -> non | BN18: =IF('P14'!$G14<>"", 'P14'!$G14, "non") -> non | BO18: =IF('P15'!$G14<>"", 'P15'!$G14, "non") -> non | BP18: =IF('P16'!$G14<>"", 'P16'!$G14, "non") -> non | BQ18: =IF('P17'!$G14<>"", 'P17'!$G14, "non") -> non | BR18: =IF('P18'!$G14<>"", 'P18'!$G14, "non") -> non | BS18: =IF('P19'!$G14<>"", 'P19'!$G14, "non") -> non | BT18: =IF('P20'!$G14<>"", 'P20'!$G14, "non") -> non | BU18: =IF('P21'!$G14<>"", 'P21'!$G14, "non") -> non | BV18: =IF('P22'!$G14<>"", 'P22'!$G14, "non") -> non | BW18: =IF('P23'!$G14<>"", 'P23'!$G14, "non") -> non | BX18: =IF('P24'!$G14<>"", 'P24'!$G14, "non") -> non | BY18: =IF('P25'!$G14<>"", 'P25'!$G14, "non") -> non | BZ18: =IF('P26'!$G14<>"", 'P26'!$G14, "non") -> non | CA18: =IF('P27'!$G14<>"", 'P27'!$G14, "non") -> non | CB18: =IF('P28'!$G14<>"", 'P28'!$G14, "non") -> non | CC18: =IF('P29'!$G14<>"", 'P29'!$G14, "non") -> non | CD18: =IF('P30'!$G14<>"", 'P30'!$G14, "non") -> non | CE18: =IF('P31'!$G14<>"", 'P31'!$G14, "non") -> non | CF18: =IF('P32'!$G14<>"", 'P32'!$G14, "non") -> non | CG18: =IF('P33'!$G14<>"", 'P33'!$G14, "non") -> non | CH18: =IF('P34'!$G14<>"", 'P34'!$G14, "non") -> non | CI18: =IF('P35'!$G14<>"", 'P35'!$G14, "non") -> non | CJ18: =IF('P36'!$G14<>"", 'P36'!$G14, "non") -> non | CK18: =IF('P37'!$G14<>"", 'P37'!$G14, "non") -> non | CL18: =IF('P38'!$G14<>"", 'P38'!$G14, "non") -> non | CM18: =IF('P39'!$G14<>"", 'P39'!$G14, "non") -> non | CN18: =IF('P40'!$G14<>"", 'P40'!$G14, "non") -> non
A19: ='Critères et tests'!B14 -> COULEURS | B19: ='Critères et tests'!$A14 -> 3.1 | C19: =VLOOKUP(B19,'Critères et tests'!$1:$1048576,5,FALSE) -> Dans chaque page web, l’information ne doit pas être donnée uniquement par la couleur. Cette règle est-elle respectée ? | D19: ='Critères et tests'!$C14 -> A | E19: RGAA | F19: =IF('P01'!$E15>"",'P01'!$E15&" "&CHAR(10)&'P01'!$F15,'P01'!$E15) -> 0 | G19: =IF('P02'!$E15>"",'P02'!$E15&" "&CHAR(10)&'P02'!$F15,'P02'!$E15) -> 0 | H19: =IF('P03'!$E15>"",'P03'!$E15&" "&CHAR(10)&'P03'!$F15,'P03'!$E15) -> 0 | I19: =IF('P04'!$E15>"",'P04'!$E15&" "&CHAR(10)&'P04'!$F15,'P04'!$E15) -> 0 | J19: =IF('P05'!$E15>"",'P05'!$E15&" "&CHAR(10)&'P05'!$F15,'P05'!$E15) -> 0 | K19: =IF('P06'!$E15>"",'P06'!$E15&" "&CHAR(10)&'P06'!$F15,'P06'!$E15) -> 0 | L19: =IF('P07'!$E15>"",'P07'!$E15&" "&CHAR(10)&'P07'!$F15,'P07'!$E15) -> 0 | M19: =IF('P08'!$E15>"",'P08'!$E15&" "&CHAR(10)&'P08'!$F15,'P08'!$E15) -> 0 | N19: =IF('P09'!$E15>"",'P09'!$E15&" "&CHAR(10)&'P09'!$F15,'P09'!$E15) -> 0 | O19: =IF('P10'!$E15>"",'P10'!$E15&" "&CHAR(10)&'P10'!$F15,'P10'!$E15) -> 0 | P19: =IF('P11'!$E15>"",'P11'!$E15&" "&CHAR(10)&'P11'!$F15,'P11'!$E15) -> 0 | Q19: =IF('P12'!$E15>"",'P12'!$E15&" "&CHAR(10)&'P12'!$F15,'P12'!$E15) -> 0 | R19: =IF('P13'!$E15>"",'P13'!$E15&" "&CHAR(10)&'P13'!$F15,'P13'!$E15) -> 0 | S19: =IF('P14'!$E15>"",'P14'!$E15&" "&CHAR(10)&'P14'!$F15,'P14'!$E15) -> 0 | T19: =IF('P15'!$E15>"",'P15'!$E15&" "&CHAR(10)&'P15'!$F15,'P15'!$E15) -> 0 | U19: =IF('P16'!$E15>"",'P16'!$E15&" "&CHAR(10)&'P16'!$F15,'P16'!$E15) -> 0 | V19: =IF('P17'!$E15>"",'P17'!$E15&" "&CHAR(10)&'P17'!$F15,'P17'!$E15) -> 0 | W19: =IF('P18'!$E15>"",'P18'!$E15&" "&CHAR(10)&'P18'!$F15,'P18'!$E15) -> 0 | X19: =IF('P19'!$E15>"",'P19'!$E15&" "&CHAR(10)&'P19'!$F15,'P19'!$E15) -> 0 | Y19: =IF('P20'!$E15>"",'P20'!$E15&" "&CHAR(10)&'P20'!$F15,'P20'!$E15) -> 0 | Z19: =IF('P21'!$E15>"",'P21'!$E15&" "&CHAR(10)&'P21'!$F15,'P21'!$E15) -> 0 | AA19: =IF('P22'!$E15>"",'P22'!$E15&" "&CHAR(10)&'P22'!$F15,'P22'!$E15) -> 0 | AB19: =IF('P23'!$E15>"",'P23'!$E15&" "&CHAR(10)&'P23'!$F15,'P23'!$E15) -> 0 | AC19: =IF('P24'!$E15>"",'P24'!$E15&" "&CHAR(10)&'P24'!$F15,'P24'!$E15) -> 0 | AD19: =IF('P25'!$E15>"",'P25'!$E15&" "&CHAR(10)&'P25'!$F15,'P25'!$E15) -> 0 | AE19: =IF('P26'!$E15>"",'P26'!$E15&" "&CHAR(10)&'P26'!$F15,'P26'!$E15) -> 0 | AF19: =IF('P27'!$E15>"",'P27'!$E15&" "&CHAR(10)&'P27'!$F15,'P27'!$E15) -> 0 | AG19: =IF('P28'!$E15>"",'P28'!$E15&" "&CHAR(10)&'P28'!$F15,'P28'!$E15) -> 0 | AH19: =IF('P29'!$E15>"",'P29'!$E15&" "&CHAR(10)&'P29'!$F15,'P29'!$E15) -> 0 | AI19: =IF('P30'!$E15>"",'P30'!$E15&" "&CHAR(10)&'P30'!$F15,'P30'!$E15) -> 0 | AJ19: =IF('P31'!$E15>"",'P31'!$E15&" "&CHAR(10)&'P31'!$F15,'P31'!$E15) -> 0 | AK19: =IF('P32'!$E15>"",'P32'!$E15&" "&CHAR(10)&'P32'!$F15,'P32'!$E15) -> 0 | AL19: =IF('P33'!$E15>"",'P33'!$E15&" "&CHAR(10)&'P33'!$F15,'P33'!$E15) -> 0 | AM19: =IF('P34'!$E15>"",'P34'!$E15&" "&CHAR(10)&'P34'!$F15,'P34'!$E15) -> 0 | AN19: =IF('P35'!$E15>"",'P35'!$E15&" "&CHAR(10)&'P35'!$F15,'P35'!$E15) -> 0 | AO19: =IF('P36'!$E15>"",'P36'!$E15&" "&CHAR(10)&'P36'!$F15,'P36'!$E15) -> 0 | AP19: =IF('P37'!$E15>"",'P37'!$E15&" "&CHAR(10)&'P37'!$F15,'P37'!$E15) -> 0 | AQ19: =IF('P38'!$E15>"",'P38'!$E15&" "&CHAR(10)&'P38'!$F15,'P38'!$E15) -> 0 | AR19: =IF('P39'!$E15>"",'P39'!$E15&" "&CHAR(10)&'P39'!$F15,'P39'!$E15) -> 0 | AS19: =IF('P40'!$E15>"",'P40'!$E15&" "&CHAR(10)&'P40'!$F15,'P40'!$E15) -> 0 | AT19: =COUNTIF(F19:AS19,"C*") -> 0 | AU19: =COUNTIF(F19:AS19,"NC*") -> 0 | AV19: =COUNTIF(F19:AS19,"NA*") -> 0 | AW19: =IF(AU19>0,"NC",IF(AT19>0,"C",IF($AV19>0,"NA","NT"))) -> NT | BA19: =IF('P01'!$G15<>"", 'P01'!$G15, "non") -> non | BB19: =IF('P02'!$G15<>"", 'P02'!$G15, "non") -> non | BC19: =IF('P03'!$G15<>"", 'P03'!$G15, "non") -> non | BD19: =IF('P04'!$G15<>"", 'P04'!$G15, "non") -> non | BE19: =IF('P05'!$G15<>"", 'P05'!$G15, "non") -> non | BF19: =IF('P06'!$G15<>"", 'P06'!$G15, "non") -> non | BG19: =IF('P07'!$G15<>"", 'P07'!$G15, "non") -> non | BH19: =IF('P08'!$G15<>"", 'P08'!$G15, "non") -> non | BI19: =IF('P09'!$G15<>"", 'P09'!$G15, "non") -> non | BJ19: =IF('P10'!$G15<>"", 'P10'!$G15, "non") -> non | BK19: =IF('P11'!$G15<>"", 'P11'!$G15, "non") -> non | BL19: =IF('P12'!$G15<>"", 'P12'!$G15, "non") -> non | BM19: =IF('P13'!$G15<>"", 'P13'!$G15, "non") -> non | BN19: =IF('P14'!$G15<>"", 'P14'!$G15, "non") -> non | BO19: =IF('P15'!$G15<>"", 'P15'!$G15, "non") -> non | BP19: =IF('P16'!$G15<>"", 'P16'!$G15, "non") -> non | BQ19: =IF('P17'!$G15<>"", 'P17'!$G15, "non") -> non | BR19: =IF('P18'!$G15<>"", 'P18'!$G15, "non") -> non | BS19: =IF('P19'!$G15<>"", 'P19'!$G15, "non") -> non | BT19: =IF('P20'!$G15<>"", 'P20'!$G15, "non") -> non | BU19: =IF('P21'!$G15<>"", 'P21'!$G15, "non") -> non | BV19: =IF('P22'!$G15<>"", 'P22'!$G15, "non") -> non | BW19: =IF('P23'!$G15<>"", 'P23'!$G15, "non") -> non | BX19: =IF('P24'!$G15<>"", 'P24'!$G15, "non") -> non | BY19: =IF('P25'!$G15<>"", 'P25'!$G15, "non") -> non | BZ19: =IF('P26'!$G15<>"", 'P26'!$G15, "non") -> non | CA19: =IF('P27'!$G15<>"", 'P27'!$G15, "non") -> non | CB19: =IF('P28'!$G15<>"", 'P28'!$G15, "non") -> non | CC19: =IF('P29'!$G15<>"", 'P29'!$G15, "non") -> non | CD19: =IF('P30'!$G15<>"", 'P30'!$G15, "non") -> non | CE19: =IF('P31'!$G15<>"", 'P31'!$G15, "non") -> non | CF19: =IF('P32'!$G15<>"", 'P32'!$G15, "non") -> non | CG19: =IF('P33'!$G15<>"", 'P33'!$G15, "non") -> non | CH19: =IF('P34'!$G15<>"", 'P34'!$G15, "non") -> non | CI19: =IF('P35'!$G15<>"", 'P35'!$G15, "non") -> non | CJ19: =IF('P36'!$G15<>"", 'P36'!$G15, "non") -> non | CK19: =IF('P37'!$G15<>"", 'P37'!$G15, "non") -> non | CL19: =IF('P38'!$G15<>"", 'P38'!$G15, "non") -> non | CM19: =IF('P39'!$G15<>"", 'P39'!$G15, "non") -> non | CN19: =IF('P40'!$G15<>"", 'P40'!$G15, "non") -> non
A20: ='Critères et tests'!B15 -> COULEURS | B20: ='Critères et tests'!$A15 -> 3.2 | C20: =VLOOKUP(B20,'Critères et tests'!$1:$1048576,5,FALSE) -> Dans chaque page web, le contraste entre la couleur du texte et la couleur de son arrière-plan est-il suffisamment élevé (hors cas particuliers) ? | D20: ='Critères et tests'!$C15 -> A | E20: RGAA | F20: =IF('P01'!$E16>"",'P01'!$E16&" "&CHAR(10)&'P01'!$F16,'P01'!$E16) -> 0 | G20: =IF('P02'!$E16>"",'P02'!$E16&" "&CHAR(10)&'P02'!$F16,'P02'!$E16) -> 0 | H20: =IF('P03'!$E16>"",'P03'!$E16&" "&CHAR(10)&'P03'!$F16,'P03'!$E16) -> 0 | I20: =IF('P04'!$E16>"",'P04'!$E16&" "&CHAR(10)&'P04'!$F16,'P04'!$E16) -> 0 | J20: =IF('P05'!$E16>"",'P05'!$E16&" "&CHAR(10)&'P05'!$F16,'P05'!$E16) -> 0 | K20: =IF('P06'!$E16>"",'P06'!$E16&" "&CHAR(10)&'P06'!$F16,'P06'!$E16) -> 0 | L20: =IF('P07'!$E16>"",'P07'!$E16&" "&CHAR(10)&'P07'!$F16,'P07'!$E16) -> 0 | M20: =IF('P08'!$E16>"",'P08'!$E16&" "&CHAR(10)&'P08'!$F16,'P08'!$E16) -> 0 | N20: =IF('P09'!$E16>"",'P09'!$E16&" "&CHAR(10)&'P09'!$F16,'P09'!$E16) -> 0 | O20: =IF('P10'!$E16>"",'P10'!$E16&" "&CHAR(10)&'P10'!$F16,'P10'!$E16) -> 0 | P20: =IF('P11'!$E16>"",'P11'!$E16&" "&CHAR(10)&'P11'!$F16,'P11'!$E16) -> 0 | Q20: =IF('P12'!$E16>"",'P12'!$E16&" "&CHAR(10)&'P12'!$F16,'P12'!$E16) -> 0 | R20: =IF('P13'!$E16>"",'P13'!$E16&" "&CHAR(10)&'P13'!$F16,'P13'!$E16) -> 0 | S20: =IF('P14'!$E16>"",'P14'!$E16&" "&CHAR(10)&'P14'!$F16,'P14'!$E16) -> 0 | T20: =IF('P15'!$E16>"",'P15'!$E16&" "&CHAR(10)&'P15'!$F16,'P15'!$E16) -> 0 | U20: =IF('P16'!$E16>"",'P16'!$E16&" "&CHAR(10)&'P16'!$F16,'P16'!$E16) -> 0 | V20: =IF('P17'!$E16>"",'P17'!$E16&" "&CHAR(10)&'P17'!$F16,'P17'!$E16) -> 0 | W20: =IF('P18'!$E16>"",'P18'!$E16&" "&CHAR(10)&'P18'!$F16,'P18'!$E16) -> 0 | X20: =IF('P19'!$E16>"",'P19'!$E16&" "&CHAR(10)&'P19'!$F16,'P19'!$E16) -> 0 | Y20: =IF('P20'!$E16>"",'P20'!$E16&" "&CHAR(10)&'P20'!$F16,'P20'!$E16) -> 0 | Z20: =IF('P21'!$E16>"",'P21'!$E16&" "&CHAR(10)&'P21'!$F16,'P21'!$E16) -> 0 | AA20: =IF('P22'!$E16>"",'P22'!$E16&" "&CHAR(10)&'P22'!$F16,'P22'!$E16) -> 0 | AB20: =IF('P23'!$E16>"",'P23'!$E16&" "&CHAR(10)&'P23'!$F16,'P23'!$E16) -> 0 | AC20: =IF('P24'!$E16>"",'P24'!$E16&" "&CHAR(10)&'P24'!$F16,'P24'!$E16) -> 0 | AD20: =IF('P25'!$E16>"",'P25'!$E16&" "&CHAR(10)&'P25'!$F16,'P25'!$E16) -> 0 | AE20: =IF('P26'!$E16>"",'P26'!$E16&" "&CHAR(10)&'P26'!$F16,'P26'!$E16) -> 0 | AF20: =IF('P27'!$E16>"",'P27'!$E16&" "&CHAR(10)&'P27'!$F16,'P27'!$E16) -> 0 | AG20: =IF('P28'!$E16>"",'P28'!$E16&" "&CHAR(10)&'P28'!$F16,'P28'!$E16) -> 0 | AH20: =IF('P29'!$E16>"",'P29'!$E16&" "&CHAR(10)&'P29'!$F16,'P29'!$E16) -> 0 | AI20: =IF('P30'!$E16>"",'P30'!$E16&" "&CHAR(10)&'P30'!$F16,'P30'!$E16) -> 0 | AJ20: =IF('P31'!$E16>"",'P31'!$E16&" "&CHAR(10)&'P31'!$F16,'P31'!$E16) -> 0 | AK20: =IF('P32'!$E16>"",'P32'!$E16&" "&CHAR(10)&'P32'!$F16,'P32'!$E16) -> 0 | AL20: =IF('P33'!$E16>"",'P33'!$E16&" "&CHAR(10)&'P33'!$F16,'P33'!$E16) -> 0 | AM20: =IF('P34'!$E16>"",'P34'!$E16&" "&CHAR(10)&'P34'!$F16,'P34'!$E16) -> 0 | AN20: =IF('P35'!$E16>"",'P35'!$E16&" "&CHAR(10)&'P35'!$F16,'P35'!$E16) -> 0 | AO20: =IF('P36'!$E16>"",'P36'!$E16&" "&CHAR(10)&'P36'!$F16,'P36'!$E16) -> 0 | AP20: =IF('P37'!$E16>"",'P37'!$E16&" "&CHAR(10)&'P37'!$F16,'P37'!$E16) -> 0 | AQ20: =IF('P38'!$E16>"",'P38'!$E16&" "&CHAR(10)&'P38'!$F16,'P38'!$E16) -> 0 | AR20: =IF('P39'!$E16>"",'P39'!$E16&" "&CHAR(10)&'P39'!$F16,'P39'!$E16) -> 0 | AS20: =IF('P40'!$E16>"",'P40'!$E16&" "&CHAR(10)&'P40'!$F16,'P40'!$E16) -> 0 | AT20: =COUNTIF(F20:AS20,"C*") -> 0 | AU20: =COUNTIF(F20:AS20,"NC*") -> 0 | AV20: =COUNTIF(F20:AS20,"NA*") -> 0 | AW20: =IF(AU20>0,"NC",IF(AT20>0,"C",IF($AV20>0,"NA","NT"))) -> NT | BA20: =IF('P01'!$G16<>"", 'P01'!$G16, "non") -> non | BB20: =IF('P02'!$G16<>"", 'P02'!$G16, "non") -> non | BC20: =IF('P03'!$G16<>"", 'P03'!$G16, "non") -> non | BD20: =IF('P04'!$G16<>"", 'P04'!$G16, "non") -> non | BE20: =IF('P05'!$G16<>"", 'P05'!$G16, "non") -> non | BF20: =IF('P06'!$G16<>"", 'P06'!$G16, "non") -> non | BG20: =IF('P07'!$G16<>"", 'P07'!$G16, "non") -> non | BH20: =IF('P08'!$G16<>"", 'P08'!$G16, "non") -> non | BI20: =IF('P09'!$G16<>"", 'P09'!$G16, "non") -> non | BJ20: =IF('P10'!$G16<>"", 'P10'!$G16, "non") -> non | BK20: =IF('P11'!$G16<>"", 'P11'!$G16, "non") -> non | BL20: =IF('P12'!$G16<>"", 'P12'!$G16, "non") -> non | BM20: =IF('P13'!$G16<>"", 'P13'!$G16, "non") -> non | BN20: =IF('P14'!$G16<>"", 'P14'!$G16, "non") -> non | BO20: =IF('P15'!$G16<>"", 'P15'!$G16, "non") -> non | BP20: =IF('P16'!$G16<>"", 'P16'!$G16, "non") -> non | BQ20: =IF('P17'!$G16<>"", 'P17'!$G16, "non") -> non | BR20: =IF('P18'!$G16<>"", 'P18'!$G16, "non") -> non | BS20: =IF('P19'!$G16<>"", 'P19'!$G16, "non") -> non | BT20: =IF('P20'!$G16<>"", 'P20'!$G16, "non") -> non | BU20: =IF('P21'!$G16<>"", 'P21'!$G16, "non") -> non | BV20: =IF('P22'!$G16<>"", 'P22'!$G16, "non") -> non | BW20: =IF('P23'!$G16<>"", 'P23'!$G16, "non") -> non | BX20: =IF('P24'!$G16<>"", 'P24'!$G16, "non") -> non | BY20: =IF('P25'!$G16<>"", 'P25'!$G16, "non") -> non | BZ20: =IF('P26'!$G16<>"", 'P26'!$G16, "non") -> non | CA20: =IF('P27'!$G16<>"", 'P27'!$G16, "non") -> non | CB20: =IF('P28'!$G16<>"", 'P28'!$G16, "non") -> non | CC20: =IF('P29'!$G16<>"", 'P29'!$G16, "non") -> non | CD20: =IF('P30'!$G16<>"", 'P30'!$G16, "non") -> non | CE20: =IF('P31'!$G16<>"", 'P31'!$G16, "non") -> non | CF20: =IF('P32'!$G16<>"", 'P32'!$G16, "non") -> non | CG20: =IF('P33'!$G16<>"", 'P33'!$G16, "non") -> non | CH20: =IF('P34'!$G16<>"", 'P34'!$G16, "non") -> non | CI20: =IF('P35'!$G16<>"", 'P35'!$G16, "non") -> non | CJ20: =IF('P36'!$G16<>"", 'P36'!$G16, "non") -> non | CK20: =IF('P37'!$G16<>"", 'P37'!$G16, "non") -> non | CL20: =IF('P38'!$G16<>"", 'P38'!$G16, "non") -> non | CM20: =IF('P39'!$G16<>"", 'P39'!$G16, "non") -> non | CN20: =IF('P40'!$G16<>"", 'P40'!$G16, "non") -> non
... A113: ='Critères et tests'!B108 -> CONSULTATION | B113: ='Critères et tests'!$A108 -> 13.12 | C113: =VLOOKUP(B113,'Critères et tests'!$1:$1048576,5,FALSE) -> Dans chaque page web, les fonctionnalités qui impliquent un mouvement de l’appareil ou vers l’appareil peuvent-elles être satisfaites de manière alternative (hors cas particuliers) ? | D113: ='Critères et tests'!$C108 -> A | E113: RGAA | F113: =IF('P01'!$E109>"",'P01'!$E109&" "&CHAR(10)&'P01'!$F109,'P01'!$E109) -> 0 | G113: =IF('P02'!$E109>"",'P02'!$E109&" "&CHAR(10)&'P02'!$F109,'P02'!$E109) -> 0 | H113: =IF('P03'!$E109>"",'P03'!$E109&" "&CHAR(10)&'P03'!$F109,'P03'!$E109) -> 0 | I113: =IF('P04'!$E109>"",'P04'!$E109&" "&CHAR(10)&'P04'!$F109,'P04'!$E109) -> 0 | J113: =IF('P05'!$E109>"",'P05'!$E109&" "&CHAR(10)&'P05'!$F109,'P05'!$E109) -> 0 | K113: =IF('P06'!$E109>"",'P06'!$E109&" "&CHAR(10)&'P06'!$F109,'P06'!$E109) -> 0 | L113: =IF('P07'!$E109>"",'P07'!$E109&" "&CHAR(10)&'P07'!$F109,'P07'!$E109) -> 0 | M113: =IF('P08'!$E109>"",'P08'!$E109&" "&CHAR(10)&'P08'!$F109,'P08'!$E109) -> 0 | N113: =IF('P09'!$E109>"",'P09'!$E109&" "&CHAR(10)&'P09'!$F109,'P09'!$E109) -> 0 | O113: =IF('P10'!$E109>"",'P10'!$E109&" "&CHAR(10)&'P10'!$F109,'P10'!$E109) -> 0 | P113: =IF('P11'!$E109>"",'P11'!$E109&" "&CHAR(10)&'P11'!$F109,'P11'!$E109) -> 0 | Q113: =IF('P12'!$E109>"",'P12'!$E109&" "&CHAR(10)&'P12'!$F109,'P12'!$E109) -> 0 | R113: =IF('P13'!$E109>"",'P13'!$E109&" "&CHAR(10)&'P13'!$F109,'P13'!$E109) -> 0 | S113: =IF('P14'!$E109>"",'P14'!$E109&" "&CHAR(10)&'P14'!$F109,'P14'!$E109) -> 0 | T113: =IF('P15'!$E109>"",'P15'!$E109&" "&CHAR(10)&'P15'!$F109,'P15'!$E109) -> 0 | U113: =IF('P16'!$E109>"",'P16'!$E109&" "&CHAR(10)&'P16'!$F109,'P16'!$E109) -> 0 | V113: =IF('P17'!$E109>"",'P17'!$E109&" "&CHAR(10)&'P17'!$F109,'P17'!$E109) -> 0 | W113: =IF('P18'!$E109>"",'P18'!$E109&" "&CHAR(10)&'P18'!$F109,'P18'!$E109) -> 0 | X113: =IF('P19'!$E109>"",'P19'!$E109&" "&CHAR(10)&'P19'!$F109,'P19'!$E109) -> 0 | Y113: =IF('P20'!$E109>"",'P20'!$E109&" "&CHAR(10)&'P20'!$F109,'P20'!$E109) -> 0 | Z113: =IF('P21'!$E109>"",'P21'!$E109&" "&CHAR(10)&'P21'!$F109,'P21'!$E109) -> 0 | AA113: =IF('P22'!$E109>"",'P22'!$E109&" "&CHAR(10)&'P22'!$F109,'P22'!$E109) -> 0 | AB113: =IF('P23'!$E109>"",'P23'!$E109&" "&CHAR(10)&'P23'!$F109,'P23'!$E109) -> 0 | AC113: =IF('P24'!$E109>"",'P24'!$E109&" "&CHAR(10)&'P24'!$F109,'P24'!$E109) -> 0 | AD113: =IF('P25'!$E109>"",'P25'!$E109&" "&CHAR(10)&'P25'!$F109,'P25'!$E109) -> 0 | AE113: =IF('P26'!$E109>"",'P26'!$E109&" "&CHAR(10)&'P26'!$F109,'P26'!$E109) -> 0 | AF113: =IF('P27'!$E109>"",'P27'!$E109&" "&CHAR(10)&'P27'!$F109,'P27'!$E109) -> 0 | AG113: =IF('P28'!$E109>"",'P28'!$E109&" "&CHAR(10)&'P28'!$F109,'P28'!$E109) -> 0 | AH113: =IF('P29'!$E109>"",'P29'!$E109&" "&CHAR(10)&'P29'!$F109,'P29'!$E109) -> 0 | AI113: =IF('P30'!$E109>"",'P30'!$E109&" "&CHAR(10)&'P30'!$F109,'P30'!$E109) -> 0 | AJ113: =IF('P31'!$E109>"",'P31'!$E109&" "&CHAR(10)&'P31'!$F109,'P31'!$E109) -> 0 | AK113: =IF('P32'!$E109>"",'P32'!$E109&" "&CHAR(10)&'P32'!$F109,'P32'!$E109) -> 0 | AL113: =IF('P33'!$E109>"",'P33'!$E109&" "&CHAR(10)&'P33'!$F109,'P33'!$E109) -> 0 | AM113: =IF('P34'!$E109>"",'P34'!$E109&" "&CHAR(10)&'P34'!$F109,'P34'!$E109) -> 0 | AN113: =IF('P35'!$E109>"",'P35'!$E109&" "&CHAR(10)&'P35'!$F109,'P35'!$E109) -> 0 | AO113: =IF('P36'!$E109>"",'P36'!$E109&" "&CHAR(10)&'P36'!$F109,'P36'!$E109) -> 0 | AP113: =IF('P37'!$E109>"",'P37'!$E109&" "&CHAR(10)&'P37'!$F109,'P37'!$E109) -> 0 | AQ113: =IF('P38'!$E109>"",'P38'!$E109&" "&CHAR(10)&'P38'!$F109,'P38'!$E109) -> 0 | AR113: =IF('P39'!$E109>"",'P39'!$E109&" "&CHAR(10)&'P39'!$F109,'P39'!$E109) -> 0 | AS113: =IF('P40'!$E109>"",'P40'!$E109&" "&CHAR(10)&'P40'!$F109,'P40'!$E109) -> 0 | AT113: =COUNTIF(F113:AS113,"C*") -> 0 | AU113: =COUNTIF(F113:AS113,"NC*") -> 0 | AV113: =COUNTIF(F113:AS113,"NA*") -> 0 | AW113: =IF(AU113>0,"NC",IF(AT113>0,"C",IF($AV113>0,"NA","NT"))) -> NT | BA113: =IF('P01'!$G109<>"", 'P01'!$G109, "non") -> non | BB113: =IF('P02'!$G109<>"", 'P02'!$G109, "non") -> non | BC113: =IF('P03'!$G109<>"", 'P03'!$G109, "non") -> non | BD113: =IF('P04'!$G109<>"", 'P04'!$G109, "non") -> non | BE113: =IF('P05'!$G109<>"", 'P05'!$G109, "non") -> non | BF113: =IF('P06'!$G109<>"", 'P06'!$G109, "non") -> non | BG113: =IF('P07'!$G109<>"", 'P07'!$G109, "non") -> non | BH113: =IF('P08'!$G109<>"", 'P08'!$G109, "non") -> non | BI113: =IF('P09'!$G109<>"", 'P09'!$G109, "non") -> non | BJ113: =IF('P10'!$G109<>"", 'P10'!$G109, "non") -> non | BK113: =IF('P11'!$G109<>"", 'P11'!$G109, "non") -> non | BL113: =IF('P12'!$G109<>"", 'P12'!$G109, "non") -> non | BM113: =IF('P13'!$G109<>"", 'P13'!$G109, "non") -> non | BN113: =IF('P14'!$G109<>"", 'P14'!$G109, "non") -> non | BO113: =IF('P15'!$G109<>"", 'P15'!$G109, "non") -> non | BP113: =IF('P16'!$G109<>"", 'P16'!$G109, "non") -> non | BQ113: =IF('P17'!$G109<>"", 'P17'!$G109, "non") -> non | BR113: =IF('P18'!$G109<>"", 'P18'!$G109, "non") -> non | BS113: =IF('P19'!$G109<>"", 'P19'!$G109, "non") -> non | BT113: =IF('P20'!$G109<>"", 'P20'!$G109, "non") -> non | BU113: =IF('P21'!$G109<>"", 'P21'!$G109, "non") -> non | BV113: =IF('P22'!$G109<>"", 'P22'!$G109, "non") -> non | BW113: =IF('P23'!$G109<>"", 'P23'!$G109, "non") -> non | BX113: =IF('P24'!$G109<>"", 'P24'!$G109, "non") -> non | BY113: =IF('P25'!$G109<>"", 'P25'!$G109, "non") -> non | BZ113: =IF('P26'!$G109<>"", 'P26'!$G109, "non") -> non | CA113: =IF('P27'!$G109<>"", 'P27'!$G109, "non") -> non | CB113: =IF('P28'!$G109<>"", 'P28'!$G109, "non") -> non | CC113: =IF('P29'!$G109<>"", 'P29'!$G109, "non") -> non | CD113: =IF('P30'!$G109<>"", 'P30'!$G109, "non") -> non | CE113: =IF('P31'!$G109<>"", 'P31'!$G109, "non") -> non | CF113: =IF('P32'!$G109<>"", 'P32'!$G109, "non") -> non | CG113: =IF('P33'!$G109<>"", 'P33'!$G109, "non") -> non | CH113: =IF('P34'!$G109<>"", 'P34'!$G109, "non") -> non | CI113: =IF('P35'!$G109<>"", 'P35'!$G109, "non") -> non | CJ113: =IF('P36'!$G109<>"", 'P36'!$G109, "non") -> non | CK113: =IF('P37'!$G109<>"", 'P37'!$G109, "non") -> non | CL113: =IF('P38'!$G109<>"", 'P38'!$G109, "non") -> non | CM113: =IF('P39'!$G109<>"", 'P39'!$G109, "non") -> non | CN113: =IF('P40'!$G109<>"", 'P40'!$G109, "non") -> non

Sheet Transverse
A1: =Échantillon!$A$1 -> Capgemini ♠ | B1: | Grille évaluation RGAA 4.1.2
A2: Éléments transverses | B2: =Échantillon!B10 -> 0
A3: ='Critères et tests'!B2 -> Thématique | B3: ='Critères et tests'!$A2 -> n°critères | C3: ='Critères et tests'!$C2 -> Niveau WCAG | D3: ='Critères et tests'!$E2 -> Intitulé des critères | E3: Statut | G3: Dérogation | H3: Défauts | I3: ='Critères et tests'!$H2 -> Planification des correctifs | J3: Commentaires | K3: Cause dérogation
A4: ='Critères et tests'!B3 -> IMAGES | B4: ='Critères et tests'!$A3 -> 1.1 | C4: ='Critères et tests'!$C3 -> A | D4: ='Critères et tests'!$E3 -> Chaque image porteuse d’information a-t-elle une alternative textuelle ? | I4: ='Critères et tests'!$H3 -> Principale
A5: ='Critères et tests'!B4 -> IMAGES | B5: ='Critères et tests'!$A4 -> 1.2 | C5: ='Critères et tests'!$C4 -> A | D5: ='Critères et tests'!$E4 -> Chaque image de décoration est-elle correctement ignorée par les technologies d’assistance ? | I5: ='Critères et tests'!$H4 -> Faible à important
A6: ='Critères et tests'!B5 -> IMAGES | B6: ='Critères et tests'!$A5 -> 1.3 | C6: ='Critères et tests'!$C5 -> A | D6: ='Critères et tests'!$E5 -> Pour chaque image porteuse d'information ayant une alternative textuelle, cette alternative est-elle pertinente (hors cas particuliers) ? | I6: ='Critères et tests'!$H5 -> Principale
A7: ='Critères et tests'!B6 -> IMAGES | B7: ='Critères et tests'!$A6 -> 1.4 | C7: ='Critères et tests'!$C6 -> A | D7: ='Critères et tests'!$E6 -> Pour chaque image utilisée comme CAPTCHA ou comme image-test, ayant une alternative textuelle, cette alternative permet-elle d’identifier la nature et la fonction de l’image ? | I7: ='Critères et tests'!$H6 -> Principale
A8: ='Critères et tests'!B7 -> IMAGES | B8: ='Critères et tests'!$A7 -> 1.5 | C8: ='Critères et tests'!$C7 -> A | D8: ='Critères et tests'!$E7 -> Pour chaque image utilisée comme CAPTCHA, une solution d’accès alternatif au contenu ou à la fonction du CAPTCHA est-elle présente ? | I8: ='Critères et tests'!$H7 -> Principale
A9: ='Critères et tests'!B8 -> IMAGES | B9: ='Critères et tests'!$A8 -> 1.6 | C9: ='Critères et tests'!$C8 -> A | D9: ='Critères et tests'!$E8 -> Chaque image porteuse d’information a-t-elle, si nécessaire, une description détaillée ? | I9: ='Critères et tests'!$H8 -> Principale
A10: ='Critères et tests'!B9 -> IMAGES | B10: ='Critères et tests'!$A9 -> 1.7 | C10: ='Critères et tests'!$C9 -> A | D10: ='Critères et tests'!$E9 -> Pour chaque image porteuse d’information ayant une description détaillée, cette description est-elle pertinente ? | I10: ='Critères et tests'!$H9 -> Principale
A11: ='Critères et tests'!B10 -> IMAGES | B11: ='Critères et tests'!$A10 -> 1.8 | C11: ='Critères et tests'!$C10 -> AA | D11: ='Critères et tests'!$E10 -> Chaque image texte porteuse d’information, en l’absence d’un mécanisme de remplacement, doit si possible être remplacée par du texte stylé. Cette règle est-elle respectée (hors cas particuliers) ? | I11: ='Critères et tests'!$H10 -> Moyen à important
A12: ='Critères et tests'!B11 -> IMAGES | B12: ='Critères et tests'!$A11 -> 1.9 | C12: ='Critères et tests'!$C11 -> A | D12: ='Critères et tests'!$E11 -> Chaque légende d’image est-elle, si nécessaire, correctement reliée à l’image correspondante ? | I12: ='Critères et tests'!$H11 -> Important à principale
A13: ='Critères et tests'!B12 -> CADRE | B13: ='Critères et tests'!$A12 -> 2.1 | C13: ='Critères et tests'!$C12 -> A | D13: ='Critères et tests'!$E12 -> Chaque cadre a-t-il un titre de cadre ? | I13: ='Critères et tests'!$H12 -> Important à principale
A14: ='Critères et tests'!B13 -> CADRE | B14: ='Critères et tests'!$A13 -> 2.2 | C14: ='Critères et tests'!$C13 -> A | D14: ='Critères et tests'!$E13 -> Pour chaque cadre ayant un titre de cadre, ce titre de cadre est-il pertinent ? | I14: ='Critères et tests'!$H13 -> Faible à important
A15: ='Critères et tests'!B14 -> COULEURS | B15: ='Critères et tests'!$A14 -> 3.1 | C15: ='Critères et tests'!$C14 -> A | D15: ='Critères et tests'!$E14 -> Dans chaque page web, l’information ne doit pas être donnée uniquement par la couleur. Cette règle est-elle respectée ? | I15: ='Critères et tests'!$H14 -> Faible à important
... A109: ='Critères et tests'!B108 -> CONSULTATION | B109: ='Critères et tests'!$A108 -> 13.12 | C109: ='Critères et tests'!$C108 -> A | D109: ='Critères et tests'!$E108 -> Dans chaque page web, les fonctionnalités qui impliquent un mouvement de l’appareil ou vers l’appareil peuvent-elles être satisfaites de manière alternative (hors cas particuliers) ? | I109: ='Critères et tests'!$H108 -> Moyen à important

Sheet P01
A1: =Échantillon!$A$1 -> Capgemini ♠ | B1: =Échantillon!B1 -> Grille RGAA 4.1.2
C2: Page auditée : | D2: =Échantillon!$B$12 -> 0 | G2: Url : | H2: =Échantillon!$C$12 -> 0 | J2: Taux conformité de la page : | K2: =IFERROR(E110/(E110+E111), "0,00%") -> 0,00%
A3: ='Critères et tests'!B2 -> Thématique | B3: ='Critères et tests'!$A2 -> n°critères | C3: ='Critères et tests'!$C2 -> Niveau WCAG | D3: ='Critères et tests'!$E2 -> Intitulé des critères | E3: Statut | F3: Transverse | G3: Dérogation | H3: Défauts | I3: ='Critères et tests'!$H2 -> Planification des correctifs | J3: Commentaires | K3: Cause dérogation
A4: ='Critères et tests'!B3 -> IMAGES | B4: ='Critères et tests'!$A3 -> 1.1 | C4: ='Critères et tests'!$C3 -> A | D4: ='Critères et tests'!$E3 -> Chaque image porteuse d’information a-t-elle une alternative textuelle ? | F4: =IF(Transverse!E4="","",Transverse!E4) | I4: ='Critères et tests'!$H3 -> Principale
A5: ='Critères et tests'!B4 -> IMAGES | B5: ='Critères et tests'!$A4 -> 1.2 | C5: ='Critères et tests'!$C4 -> A | D5: ='Critères et tests'!$E4 -> Chaque image de décoration est-elle correctement ignorée par les technologies d’assistance ? | F5: =IF(Transverse!E5="","",Transverse!E5) | I5: ='Critères et tests'!$H4 -> Faible à important
A6: ='Critères et tests'!B5 -> IMAGES | B6: ='Critères et tests'!$A5 -> 1.3 | C6: ='Critères et tests'!$C5 -> A | D6: ='Critères et tests'!$E5 -> Pour chaque image porteuse d'information ayant une alternative textuelle, cette alternative est-elle pertinente (hors cas particuliers) ? | F6: =IF(Transverse!E6="","",Transverse!E6) | I6: ='Critères et tests'!$H5 -> Principale
A7: ='Critères et tests'!B6 -> IMAGES | B7: ='Critères et tests'!$A6 -> 1.4 | C7: ='Critères et tests'!$C6 -> A | D7: ='Critères et tests'!$E6 -> Pour chaque image utilisée comme CAPTCHA ou comme image-test, ayant une alternative textuelle, cette alternative permet-elle d’identifier la nature et la fonction de l’image ? | F7: =IF(Transverse!E7="","",Transverse!E7) | I7: ='Critères et tests'!$H6 -> Principale
A8: ='Critères et tests'!B7 -> IMAGES | B8: ='Critères et tests'!$A7 -> 1.5 | C8: ='Critères et tests'!$C7 -> A | D8: ='Critères et tests'!$E7 -> Pour chaque image utilisée comme CAPTCHA, une solution d’accès alternatif au contenu ou à la fonction du CAPTCHA est-elle présente ? | F8: =IF(Transverse!E8="","",Transverse!E8) | I8: ='Critères et tests'!$H7 -> Principale
A9: ='Critères et tests'!B8 -> IMAGES | B9: ='Critères et tests'!$A8 -> 1.6 | C9: ='Critères et tests'!$C8 -> A | D9: ='Critères et tests'!$E8 -> Chaque image porteuse d’information a-t-elle, si nécessaire, une description détaillée ? | F9: =IF(Transverse!E9="","",Transverse!E9) | I9: ='Critères et tests'!$H8 -> Principale
A10: ='Critères et tests'!B9 -> IMAGES | B10: ='Critères et tests'!$A9 -> 1.7 | C10: ='Critères et tests'!$C9 -> A | D10: ='Critères et tests'!$E9 -> Pour chaque image porteuse d’information ayant une description détaillée, cette description est-elle pertinente ? | F10: =IF(Transverse!E10="","",Transverse!E10) | I10: ='Critères et tests'!$H9 -> Principale
A11: ='Critères et tests'!B10 -> IMAGES | B11: ='Critères et tests'!$A10 -> 1.8 | C11: ='Critères et tests'!$C10 -> AA | D11: ='Critères et tests'!$E10 -> Chaque image texte porteuse d’information, en l’absence d’un mécanisme de remplacement, doit si possible être remplacée par du texte stylé. Cette règle est-elle respectée (hors cas particuliers) ? | F11: =IF(Transverse!E11="","",Transverse!E11) | I11: ='Critères et tests'!$H10 -> Moyen à important
A12: ='Critères et tests'!B11 -> IMAGES | B12: ='Critères et tests'!$A11 -> 1.9 | C12: ='Critères et tests'!$C11 -> A | D12: ='Critères et tests'!$E11 -> Chaque légende d’image est-elle, si nécessaire, correctement reliée à l’image correspondante ? | F12: =IF(Transverse!E12="","",Transverse!E12) | I12: ='Critères et tests'!$H11 -> Important à principale
A13: ='Critères et tests'!B12 -> CADRE | B13: ='Critères et tests'!$A12 -> 2.1 | C13: ='Critères et tests'!$C12 -> A | D13: ='Critères et tests'!$E12 -> Chaque cadre a-t-il un titre de cadre ? | F13: =IF(Transverse!E13="","",Transverse!E13) | I13: ='Critères et tests'!$H12 -> Important à principale
A14: ='Critères et tests'!B13 -> CADRE | B14: ='Critères et tests'!$A13 -> 2.2 | C14: ='Critères et tests'!$C13 -> A | D14: ='Critères et tests'!$E13 -> Pour chaque cadre ayant un titre de cadre, ce titre de cadre est-il pertinent ? | F14: =IF(Transverse!E14="","",Transverse!E14) | I14: ='Critères et tests'!$H13 -> Faible à important
A15: ='Critères et tests'!B14 -> COULEURS | B15: ='Critères et tests'!$A14 -> 3.1 | C15: ='Critères et tests'!$C14 -> A | D15: ='Critères et tests'!$E14 -> Dans chaque page web, l’information ne doit pas être donnée uniquement par la couleur. Cette règle est-elle respectée ? | F15: =IF(Transverse!E15="","",Transverse!E15) | I15: ='Critères et tests'!$H14 -> Faible à important
... A109: ='Critères et tests'!B108 -> CONSULTATION | B109: ='Critères et tests'!$A108 -> 13.12 | C109: ='Critères et tests'!$C108 -> A | D109: ='Critères et tests'!$E108 -> Dans chaque page web, les fonctionnalités qui impliquent un mouvement de l’appareil ou vers l’appareil peuvent-elles être satisfaites de manière alternative (hors cas particuliers) ? | F109: =IF(Transverse!E109="","",Transverse!E109) | I109: ='Critères et tests'!$H108 -> Moyen à important
C110: Résultats par page : | D110: C | E110: =COUNTIF(E4:E109,"C*") -> 0 | F110: =IF(Transverse!E110="","",Transverse!E110)
D111: NC | E111: =COUNTIF(E4:E109,"NC*") -> 0 | F111: =IF(Transverse!E111="","",Transverse!E111)
D112: NA | E112: =COUNTIF(E4:E109,"NA") -> 0 | F112: =IF(Transverse!E112="","",Transverse!E112)

Sheet P02
A1: ='P01'!$A$1 -> Capgemini ♠ | B1: =Échantillon!B1 -> Grille RGAA 4.1.2
C2: Page auditée : | D2: =Échantillon!$B$13 -> 0 | G2: Url : | H2: =Échantillon!$C$13 -> 0 | J2: Taux conformité de la page : | K2: =IFERROR(E110/(E110+E111), "0%") -> 0%
A3: ='Critères et tests'!B2 -> Thématique | B3: ='Critères et tests'!$A2 -> n°critères | C3: ='Critères et tests'!$C2 -> Niveau WCAG | D3: ='Critères et tests'!$E2 -> Intitulé des critères | E3: ='P01'!$E3 -> Statut | F3: ='P01'!$F3 -> Transverse | G3: ='P01'!$G3 -> Dérogation | H3: Défauts | I3: ='Critères et tests'!$H2 -> Planification des correctifs | J3: ='P01'!$J3 -> Commentaires | K3: ='P01'!$K3 -> Cause dérogation
A4: ='Critères et tests'!B3 -> IMAGES | B4: ='Critères et tests'!$A3 -> 1.1 | C4: ='Critères et tests'!$C3 -> A | D4: ='Critères et tests'!$E3 -> Chaque image porteuse d’information a-t-elle une alternative textuelle ? | F4: =IF(Transverse!E4="","",Transverse!E4) | I4: ='Critères et tests'!$H3 -> Principale
A5: ='Critères et tests'!B4 -> IMAGES | B5: ='Critères et tests'!$A4 -> 1.2 | C5: ='Critères et tests'!$C4 -> A | D5: ='Critères et tests'!$E4 -> Chaque image de décoration est-elle correctement ignorée par les technologies d’assistance ? | F5: =IF(Transverse!E5="","",Transverse!E5) | I5: ='Critères et tests'!$H4 -> Faible à important
A6: ='Critères et tests'!B5 -> IMAGES | B6: ='Critères et tests'!$A5 -> 1.3 | C6: ='Critères et tests'!$C5 -> A | D6: ='Critères et tests'!$E5 -> Pour chaque image porteuse d'information ayant une alternative textuelle, cette alternative est-elle pertinente (hors cas particuliers) ? | F6: =IF(Transverse!E6="","",Transverse!E6) | I6: ='Critères et tests'!$H5 -> Principale
A7: ='Critères et tests'!B6 -> IMAGES | B7: ='Critères et tests'!$A6 -> 1.4 | C7: ='Critères et tests'!$C6 -> A | D7: ='Critères et tests'!$E6 -> Pour chaque image utilisée comme CAPTCHA ou comme image-test, ayant une alternative textuelle, cette alternative permet-elle d’identifier la nature et la fonction de l’image ? | F7: =IF(Transverse!E7="","",Transverse!E7) | I7: ='Critères et tests'!$H6 -> Principale
A8: ='Critères et tests'!B7 -> IMAGES | B8: ='Critères et tests'!$A7 -> 1.5 | C8: ='Critères et tests'!$C7 -> A | D8: ='Critères et tests'!$E7 -> Pour chaque image utilisée comme CAPTCHA, une solution d’accès alternatif au contenu ou à la fonction du CAPTCHA est-elle présente ? | F8: =IF(Transverse!E8="","",Transverse!E8) | I8: ='Critères et tests'!$H7 -> Principale
A9: ='Critères et tests'!B8 -> IMAGES | B9: ='Critères et tests'!$A8 -> 1.6 | C9: ='Critères et tests'!$C8 -> A | D9: ='Critères et tests'!$E8 -> Chaque image porteuse d’information a-t-elle, si nécessaire, une description détaillée ? | F9: =IF(Transverse!E9="","",Transverse!E9) | I9: ='Critères et tests'!$H8 -> Principale
A10: ='Critères et tests'!B9 -> IMAGES | B10: ='Critères et tests'!$A9 -> 1.7 | C10: ='Critères et tests'!$C9 -> A | D10: ='Critères et tests'!$E9 -> Pour chaque image porteuse d’information ayant une description détaillée, cette description est-elle pertinente ? | F10: =IF(Transverse!E10="","",Transverse!E10) | I10: ='Critères et tests'!$H9 -> Principale
A11: ='Critères et tests'!B10 -> IMAGES | B11: ='Critères et tests'!$A10 -> 1.8 | C11: ='Critères et tests'!$C10 -> AA | D11: ='Critères et tests'!$E10 -> Chaque image texte porteuse d’information, en l’absence d’un mécanisme de remplacement, doit si possible être remplacée par du texte stylé. Cette règle est-elle respectée (hors cas particuliers) ? | F11: =IF(Transverse!E11="","",Transverse!E11) | I11: ='Critères et tests'!$H10 -> Moyen à important
A12: ='Critères et tests'!B11 -> IMAGES | B12: ='Critères et tests'!$A11 -> 1.9 | C12: ='Critères et tests'!$C11 -> A | D12: ='Critères et tests'!$E11 -> Chaque légende d’image est-elle, si nécessaire, correctement reliée à l’image correspondante ? | F12: =IF(Transverse!E12="","",Transverse!E12) | I12: ='Critères et tests'!$H11 -> Important à principale
A13: ='Critères et tests'!B12 -> CADRE | B13: ='Critères et tests'!$A12 -> 2.1 | C13: ='Critères et tests'!$C12 -> A | D13: ='Critères et tests'!$E12 -> Chaque cadre a-t-il un titre de cadre ? | F13: =IF(Transverse!E13="","",Transverse!E13) | I13: ='Critères et tests'!$H12 -> Important à principale
A14: ='Critères et tests'!B13 -> CADRE | B14: ='Critères et tests'!$A13 -> 2.2 | C14: ='Critères et tests'!$C13 -> A | D14: ='Critères et tests'!$E13 -> Pour chaque cadre ayant un titre de cadre, ce titre de cadre est-il pertinent ? | F14: =IF(Transverse!E14="","",Transverse!E14) | I14: ='Critères et tests'!$H13 -> Faible à important
A15: ='Critères et tests'!B14 -> COULEURS | B15: ='Critères et tests'!$A14 -> 3.1 | C15: ='Critères et tests'!$C14 -> A | D15: ='Critères et tests'!$E14 -> Dans chaque page web, l’information ne doit pas être donnée uniquement par la couleur. Cette règle est-elle respectée ? | F15: =IF(Transverse!E15="","",Transverse!E15) | I15: ='Critères et tests'!$H14 -> Faible à important
... A109: ='Critères et tests'!B108 -> CONSULTATION | B109: ='Critères et tests'!$A108 -> 13.12 | C109: ='Critères et tests'!$C108 -> A | D109: ='Critères et tests'!$E108 -> Dans chaque page web, les fonctionnalités qui impliquent un mouvement de l’appareil ou vers l’appareil peuvent-elles être satisfaites de manière alternative (hors cas particuliers) ? | F109: =IF(Transverse!E109="","",Transverse!E109) | I109: ='Critères et tests'!$H108 -> Moyen à important
C110: Résultats par page : | D110: C | E110: =COUNTIF(E4:E109,"C*") -> 0 | F110: =IF(Transverse!E110="","",Transverse!E110)
D111: NC | E111: =COUNTIF(E4:E109,"NC*") -> 0 | F111: =IF(Transverse!E111="","",Transverse!E111)
D112: NA | E112: =COUNTIF(E4:E109,"NA") -> 0 | F112: =IF(Transverse!E112="","",Transverse!E112)

Sheet P03
A1: ='P01'!$A$1 -> Capgemini ♠ | B1: =Échantillon!B1 -> Grille RGAA 4.1.2
C2: Page auditée : | D2: =Échantillon!$B$14 -> 0 | G2: Url : | H2: =Échantillon!$C$14 -> 0 | J2: Taux conformité de la page : | K2: =IFERROR(E110/(E110+E111), "0%") -> 0%
A3: ='Critères et tests'!B2 -> Thématique | B3: ='Critères et tests'!$A2 -> n°critères | C3: ='Critères et tests'!$C2 -> Niveau WCAG | D3: ='Critères et tests'!$E2 -> Intitulé des critères | E3: ='P01'!$E3 -> Statut | F3: ='P01'!$F3 -> Transverse | G3: ='P01'!$G3 -> Dérogation | H3: Défauts | I3: ='Critères et tests'!$H2 -> Planification des correctifs | J3: ='P01'!$J3 -> Commentaires | K3: ='P01'!$K3 -> Cause dérogation
A4: ='Critères et tests'!B3 -> IMAGES | B4: ='Critères et tests'!$A3 -> 1.1 | C4: ='Critères et tests'!$C3 -> A | D4: ='Critères et tests'!$E3 -> Chaque image porteuse d’information a-t-elle une alternative textuelle ? | F4: =IF(Transverse!E4="","",Transverse!E4) | I4: ='Critères et tests'!$H3 -> Principale
A5: ='Critères et tests'!B4 -> IMAGES | B5: ='Critères et tests'!$A4 -> 1.2 | C5: ='Critères et tests'!$C4 -> A | D5: ='Critères et tests'!$E4 -> Chaque image de décoration est-elle correctement ignorée par les technologies d’assistance ? | F5: =IF(Transverse!E5="","",Transverse!E5) | I5: ='Critères et tests'!$H4 -> Faible à important
A6: ='Critères et tests'!B5 -> IMAGES | B6: ='Critères et tests'!$A5 -> 1.3 | C6: ='Critères et tests'!$C5 -> A | D6: ='Critères et tests'!$E5 -> Pour chaque image porteuse d'information ayant une alternative textuelle, cette alternative est-elle pertinente (hors cas particuliers) ? | F6: =IF(Transverse!E6="","",Transverse!E6) | I6: ='Critères et tests'!$H5 -> Principale
A7: ='Critères et tests'!B6 -> IMAGES | B7: ='Critères et tests'!$A6 -> 1.4 | C7: ='Critères et tests'!$C6 -> A | D7: ='Critères et tests'!$E6 -> Pour chaque image utilisée comme CAPTCHA ou comme image-test, ayant une alternative textuelle, cette alternative permet-elle d’identifier la nature et la fonction de l’image ? | F7: =IF(Transverse!E7="","",Transverse!E7) | I7: ='Critères et tests'!$H6 -> Principale
A8: ='Critères et tests'!B7 -> IMAGES | B8: ='Critères et tests'!$A7 -> 1.5 | C8: ='Critères et tests'!$C7 -> A | D8: ='Critères et tests'!$E7 -> Pour chaque image utilisée comme CAPTCHA, une solution d’accès alternatif au contenu ou à la fonction du CAPTCHA est-elle présente ? | F8: =IF(Transverse!E8="","",Transverse!E8) | I8: ='Critères et tests'!$H7 -> Principale
A9: ='Critères et tests'!B8 -> IMAGES | B9: ='Critères et tests'!$A8 -> 1.6 | C9: ='Critères et tests'!$C8 -> A | D9: ='Critères et tests'!$E8 -> Chaque image porteuse d’information a-t-elle, si nécessaire, une description détaillée ? | F9: =IF(Transverse!E9="","",Transverse!E9) | I9: ='Critères et tests'!$H8 -> Principale
A10: ='Critères et tests'!B9 -> IMAGES | B10: ='Critères et tests'!$A9 -> 1.7 | C10: ='Critères et tests'!$C9 -> A | D10: ='Critères et tests'!$E9 -> Pour chaque image porteuse d’information ayant une description détaillée, cette description est-elle pertinente ? | F10: =IF(Transverse!E10="","",Transverse!E10) | I10: ='Critères et tests'!$H9 -> Principale
A11: ='Critères et tests'!B10 -> IMAGES | B11: ='Critères et tests'!$A10 -> 1.8 | C11: ='Critères et tests'!$C10 -> AA | D11: ='Critères et tests'!$E10 -> Chaque image texte porteuse d’information, en l’absence d’un mécanisme de remplacement, doit si possible être remplacée par du texte stylé. Cette règle est-elle respectée (hors cas particuliers) ? | F11: =IF(Transverse!E11="","",Transverse!E11) | I11: ='Critères et tests'!$H10 -> Moyen à important
A12: ='Critères et tests'!B11 -> IMAGES | B12: ='Critères et tests'!$A11 -> 1.9 | C12: ='Critères et tests'!$C11 -> A | D12: ='Critères et tests'!$E11 -> Chaque légende d’image est-elle, si nécessaire, correctement reliée à l’image correspondante ? | F12: =IF(Transverse!E12="","",Transverse!E12) | I12: ='Critères et tests'!$H11 -> Important à principale
A13: ='Critères et tests'!B12 -> CADRE | B13: ='Critères et tests'!$A12 -> 2.1 | C13: ='Critères et tests'!$C12 -> A | D13: ='Critères et tests'!$E12 -> Chaque cadre a-t-il un titre de cadre ? | F13: =IF(Transverse!E13="","",Transverse!E13) | I13: ='Critères et tests'!$H12 -> Important à principale
A14: ='Critères et tests'!B13 -> CADRE | B14: ='Critères et tests'!$A13 -> 2.2 | C14: ='Critères et tests'!$C13 -> A | D14: ='Critères et tests'!$E13 -> Pour chaque cadre ayant un titre de cadre, ce titre de cadre est-il pertinent ? | F14: =IF(Transverse!E14="","",Transverse!E14) | I14: ='Critères et tests'!$H13 -> Faible à important
A15: ='Critères et tests'!B14 -> COULEURS | B15: ='Critères et tests'!$A14 -> 3.1 | C15: ='Critères et tests'!$C14 -> A | D15: ='Critères et tests'!$E14 -> Dans chaque page web, l’information ne doit pas être donnée uniquement par la couleur. Cette règle est-elle respectée ? | F15: =IF(Transverse!E15="","",Transverse!E15) | I15: ='Critères et tests'!$H14 -> Faible à important
... A109: ='Critères et tests'!B108 -> CONSULTATION | B109: ='Critères et tests'!$A108 -> 13.12 | C109: ='Critères et tests'!$C108 -> A | D109: ='Critères et tests'!$E108 -> Dans chaque page web, les fonctionnalités qui impliquent un mouvement de l’appareil ou vers l’appareil peuvent-elles être satisfaites de manière alternative (hors cas particuliers) ? | F109: =IF(Transverse!E109="","",Transverse!E109) | I109: ='Critères et tests'!$H108 -> Moyen à important
C110: Résultats par page : | D110: C | E110: =COUNTIF(E4:E109,"C*") -> 0
D111: NC | E111: =COUNTIF(E4:E109,"NC*") -> 0
D112: NA | E112: =COUNTIF(E4:E109,"NA") -> 0

Sheet P04
A1: ='P01'!$A$1 -> Capgemini ♠ | B1: =Échantillon!B1 -> Grille RGAA 4.1.2
C2: Page auditée : | D2: =Échantillon!$B$15 -> 0 | G2: Url : | H2: =Échantillon!$C$15 -> 0 | J2: Taux conformité de la page : | K2: =IFERROR(E110/(E110+E111), "0%") -> 0%
A3: ='Critères et tests'!B2 -> Thématique | B3: ='Critères et tests'!$A2 -> n°critères | C3: ='Critères et tests'!$C2 -> Niveau WCAG | D3: ='Critères et tests'!$E2 -> Intitulé des critères | E3: ='P01'!$E3 -> Statut | F3: ='P01'!$F3 -> Transverse | G3: ='P01'!$G3 -> Dérogation | H3: Défauts | I3: ='Critères et tests'!$H2 -> Planification des correctifs | J3: Commentaires | K3: ='P01'!$K3 -> Cause dérogation
A4: ='Critères et tests'!B3 -> IMAGES | B4: ='Critères et tests'!$A3 -> 1.1 | C4: ='Critères et tests'!$C3 -> A | D4: ='Critères et tests'!$E3 -> Chaque image porteuse d’information a-t-elle une alternative textuelle ? | F4: =IF(Transverse!E4="","",Transverse!E4) | I4: ='Critères et tests'!$H3 -> Principale
A5: ='Critères et tests'!B4 -> IMAGES | B5: ='Critères et tests'!$A4 -> 1.2 | C5: ='Critères et tests'!$C4 -> A | D5: ='Critères et tests'!$E4 -> Chaque image de décoration est-elle correctement ignorée par les technologies d’assistance ? | F5: =IF(Transverse!E5="","",Transverse!E5) | I5: ='Critères et tests'!$H4 -> Faible à important
A6: ='Critères et tests'!B5 -> IMAGES | B6: ='Critères et tests'!$A5 -> 1.3 | C6: ='Critères et tests'!$C5 -> A | D6: ='Critères et tests'!$E5 -> Pour chaque image porteuse d'information ayant une alternative textuelle, cette alternative est-elle pertinente (hors cas particuliers) ? | F6: =IF(Transverse!E6="","",Transverse!E6) | I6: ='Critères et tests'!$H5 -> Principale
A7: ='Critères et tests'!B6 -> IMAGES | B7: ='Critères et tests'!$A6 -> 1.4 | C7: ='Critères et tests'!$C6 -> A | D7: ='Critères et tests'!$E6 -> Pour chaque image utilisée comme CAPTCHA ou comme image-test, ayant une alternative textuelle, cette alternative permet-elle d’identifier la nature et la fonction de l’image ? | F7: =IF(Transverse!E7="","",Transverse!E7) | I7: ='Critères et tests'!$H6 -> Principale
A8: ='Critères et tests'!B7 -> IMAGES | B8: ='Critères et tests'!$A7 -> 1.5 | C8: ='Critères et tests'!$C7 -> A | D8: ='Critères et tests'!$E7 -> Pour chaque image utilisée comme CAPTCHA, une solution d’accès alternatif au contenu ou à la fonction du CAPTCHA est-elle présente ? | F8: =IF(Transverse!E8="","",Transverse!E8) | I8: ='Critères et tests'!$H7 -> Principale
A9: ='Critères et tests'!B8 -> IMAGES | B9: ='Critères et tests'!$A8 -> 1.6 | C9: ='Critères et tests'!$C8 -> A | D9: ='Critères et tests'!$E8 -> Chaque image porteuse d’information a-t-elle, si nécessaire, une description détaillée ? | F9: =IF(Transverse!E9="","",Transverse!E9) | I9: ='Critères et tests'!$H8 -> Principale
A10: ='Critères et tests'!B9 -> IMAGES | B10: ='Critères et tests'!$A9 -> 1.7 | C10: ='Critères et tests'!$C9 -> A | D10: ='Critères et tests'!$E9 -> Pour chaque image porteuse d’information ayant une description détaillée, cette description est-elle pertinente ? | F10: =IF(Transverse!E10="","",Transverse!E10) | I10: ='Critères et tests'!$H9 -> Principale
A11: ='Critères et tests'!B10 -> IMAGES | B11: ='Critères et tests'!$A10 -> 1.8 | C11: ='Critères et tests'!$C10 -> AA | D11: ='Critères et tests'!$E10 -> Chaque image texte porteuse d’information, en l’absence d’un mécanisme de remplacement, doit si possible être remplacée par du texte stylé. Cette règle est-elle respectée (hors cas particuliers) ? | F11: =IF(Transverse!E11="","",Transverse!E11) | I11: ='Critères et tests'!$H10 -> Moyen à important
A12: ='Critères et tests'!B11 -> IMAGES | B12: ='Critères et tests'!$A11 -> 1.9 | C12: ='Critères et tests'!$C11 -> A | D12: ='Critères et tests'!$E11 -> Chaque légende d’image est-elle, si nécessaire, correctement reliée à l’image correspondante ? | F12: =IF(Transverse!E12="","",Transverse!E12) | I12: ='Critères et tests'!$H11 -> Important à principale
A13: ='Critères et tests'!B12 -> CADRE | B13: ='Critères et tests'!$A12 -> 2.1 | C13: ='Critères et tests'!$C12 -> A | D13: ='Critères et tests'!$E12 -> Chaque cadre a-t-il un titre de cadre ? | F13: =IF(Transverse!E13="","",Transverse!E13) | I13: ='Critères et tests'!$H12 -> Important à principale
A14: ='Critères et tests'!B13 -> CADRE | B14: ='Critères et tests'!$A13 -> 2.2 | C14: ='Critères et tests'!$C13 -> A | D14: ='Critères et tests'!$E13 -> Pour chaque cadre ayant un titre de cadre, ce titre de cadre est-il pertinent ? | F14: =IF(Transverse!E14="","",Transverse!E14) | I14: ='Critères et tests'!$H13 -> Faible à important
A15: ='Critères et tests'!B14 -> COULEURS | B15: ='Critères et tests'!$A14 -> 3.1 | C15: ='Critères et tests'!$C14 -> A | D15: ='Critères et tests'!$E14 -> Dans chaque page web, l’information ne doit pas être donnée uniquement par la couleur. Cette règle est-elle respectée ? | F15: =IF(Transverse!E15="","",Transverse!E15) | I15: ='Critères et tests'!$H14 -> Faible à important
... A109: ='Critères et tests'!B108 -> CONSULTATION | B109: ='Critères et tests'!$A108 -> 13.12 | C109: ='Critères et tests'!$C108 -> A | D109: ='Critères et tests'!$E108 -> Dans chaque page web, les fonctionnalités qui impliquent un mouvement de l’appareil ou vers l’appareil peuvent-elles être satisfaites de manière alternative (hors cas particuliers) ? | F109: =IF(Transverse!E109="","",Transverse!E109) | I109: ='Critères et tests'!$H108 -> Moyen à important
C110: Résultats par page : | D110: C | E110: =COUNTIF(E4:E109,"C*") -> 0
D111: NC | E111: =COUNTIF(E4:E109,"NC*") -> 0
D112: NA | E112: =COUNTIF(E4:E109,"NA") -> 0

Sheet P05
A1: ='P01'!$A$1 -> Capgemini ♠ | B1: =Échantillon!B1 -> Grille RGAA 4.1.2
C2: Page auditée : | D2: =Échantillon!$B$16 -> 0 | G2: Url : | H2: =Échantillon!$C$16 -> 0 | J2: Taux conformité de la page : | K2: =IFERROR(E110/(E110+E111), "0%") -> 0%
A3: ='Critères et tests'!B2 -> Thématique | B3: ='Critères et tests'!$A2 -> n°critères | C3: ='Critères et tests'!$C2 -> Niveau WCAG | D3: ='Critères et tests'!$E2 -> Intitulé des critères | E3: ='P01'!$E3 -> Statut | F3: ='P01'!$F3 -> Transverse | G3: ='P01'!$G3 -> Dérogation | H3: Défauts | I3: ='Critères et tests'!$H2 -> Planification des correctifs | J3: Commentaires | K3: ='P01'!$K3 -> Cause dérogation
A4: ='Critères et tests'!B3 -> IMAGES | B4: ='Critères et tests'!$A3 -> 1.1 | C4: ='Critères et tests'!$C3 -> A | D4: ='Critères et tests'!$E3 -> Chaque image porteuse d’information a-t-elle une alternative textuelle ? | F4: =IF(Transverse!E4="","",Transverse!E4) | I4: ='Critères et tests'!$H3 -> Principale
A5: ='Critères et tests'!B4 -> IMAGES | B5: ='Critères et tests'!$A4 -> 1.2 | C5: ='Critères et tests'!$C4 -> A | D5: ='Critères et tests'!$E4 -> Chaque image de décoration est-elle correctement ignorée par les technologies d’assistance ? | F5: =IF(Transverse!E5="","",Transverse!E5) | I5: ='Critères et tests'!$H4 -> Faible à important
A6: ='Critères et tests'!B5 -> IMAGES | B6: ='Critères et tests'!$A5 -> 1.3 | C6: ='Critères et tests'!$C5 -> A | D6: ='Critères et tests'!$E5 -> Pour chaque image porteuse d'information ayant une alternative textuelle, cette alternative est-elle pertinente (hors cas particuliers) ? | F6: =IF(Transverse!E6="","",Transverse!E6) | I6: ='Critères et tests'!$H5 -> Principale
A7: ='Critères et tests'!B6 -> IMAGES | B7: ='Critères et tests'!$A6 -> 1.4 | C7: ='Critères et tests'!$C6 -> A | D7: ='Critères et tests'!$E6 -> Pour chaque image utilisée comme CAPTCHA ou comme image-test, ayant une alternative textuelle, cette alternative permet-elle d’identifier la nature et la fonction de l’image ? | F7: =IF(Transverse!E7="","",Transverse!E7) | I7: ='Critères et tests'!$H6 -> Principale
A8: ='Critères et tests'!B7 -> IMAGES | B8: ='Critères et tests'!$A7 -> 1.5 | C8: ='Critères et tests'!$C7 -> A | D8: ='Critères et tests'!$E7 -> Pour chaque image utilisée comme CAPTCHA, une solution d’accès alternatif au contenu ou à la fonction du CAPTCHA est-elle présente ? | F8: =IF(Transverse!E8="","",Transverse!E8) | I8: ='Critères et tests'!$H7 -> Principale
A9: ='Critères et tests'!B8 -> IMAGES | B9: ='Critères et tests'!$A8 -> 1.6 | C9: ='Critères et tests'!$C8 -> A | D9: ='Critères et tests'!$E8 -> Chaque image porteuse d’information a-t-elle, si nécessaire, une description détaillée ? | F9: =IF(Transverse!E9="","",Transverse!E9) | I9: ='Critères et tests'!$H8 -> Principale
A10: ='Critères et tests'!B9 -> IMAGES | B10: ='Critères et tests'!$A9 -> 1.7 | C10: ='Critères et tests'!$C9 -> A | D10: ='Critères et tests'!$E9 -> Pour chaque image porteuse d’information ayant une description détaillée, cette description est-elle pertinente ? | F10: =IF(Transverse!E10="","",Transverse!E10) | I10: ='Critères et tests'!$H9 -> Principale
A11: ='Critères et tests'!B10 -> IMAGES | B11: ='Critères et tests'!$A10 -> 1.8 | C11: ='Critères et tests'!$C10 -> AA | D11: ='Critères et tests'!$E10 -> Chaque image texte porteuse d’information, en l’absence d’un mécanisme de remplacement, doit si possible être remplacée par du texte stylé. Cette règle est-elle respectée (hors cas particuliers) ? | F11: =IF(Transverse!E11="","",Transverse!E11) | I11: ='Critères et tests'!$H10 -> Moyen à important
A12: ='Critères et tests'!B11 -> IMAGES | B12: ='Critères et tests'!$A11 -> 1.9 | C12: ='Critères et tests'!$C11 -> A | D12: ='Critères et tests'!$E11 -> Chaque légende d’image est-elle, si nécessaire, correctement reliée à l’image correspondante ? | F12: =IF(Transverse!E12="","",Transverse!E12) | I12: ='Critères et tests'!$H11 -> Important à principale
A13: ='Critères et tests'!B12 -> CADRE | B13: ='Critères et tests'!$A12 -> 2.1 | C13: ='Critères et tests'!$C12 -> A | D13: ='Critères et tests'!$E12 -> Chaque cadre a-t-il un titre de cadre ? | F13: =IF(Transverse!E13="","",Transverse!E13) | I13: ='Critères et tests'!$H12 -> Important à principale
A14: ='Critères et tests'!B13 -> CADRE | B14: ='Critères et tests'!$A13 -> 2.2 | C14: ='Critères et tests'!$C13 -> A | D14: ='Critères et tests'!$E13 -> Pour chaque cadre ayant un titre de cadre, ce titre de cadre est-il pertinent ? | F14: =IF(Transverse!E14="","",Transverse!E14) | I14: ='Critères et tests'!$H13 -> Faible à important
A15: ='Critères et tests'!B14 -> COULEURS | B15: ='Critères et tests'!$A14 -> 3.1 | C15: ='Critères et tests'!$C14 -> A | D15: ='Critères et tests'!$E14 -> Dans chaque page web, l’information ne doit pas être donnée uniquement par la couleur. Cette règle est-elle respectée ? | F15: =IF(Transverse!E15="","",Transverse!E15) | I15: ='Critères et tests'!$H14 -> Faible à important
... A109: ='Critères et tests'!B108 -> CONSULTATION | B109: ='Critères et tests'!$A108 -> 13.12 | C109: ='Critères et tests'!$C108 -> A | D109: ='Critères et tests'!$E108 -> Dans chaque page web, les fonctionnalités qui impliquent un mouvement de l’appareil ou vers l’appareil peuvent-elles être satisfaites de manière alternative (hors cas particuliers) ? | F109: =IF(Transverse!E109="","",Transverse!E109) | I109: ='Critères et tests'!$H108 -> Moyen à important
C110: Résultats par page : | D110: C | E110: =COUNTIF(E4:E109,"C*") -> 0
D111: NC | E111: =COUNTIF(E4:E109,"NC*") -> 0
D112: NA | E112: =COUNTIF(E4:E109,"NA") -> 0

Sheet P06
A1: ='P01'!$A$1 -> Capgemini ♠ | B1: =Échantillon!B1 -> Grille RGAA 4.1.2
C2: Page auditée : | D2: =Échantillon!$B$17 -> 0 | G2: Url : | H2: =Échantillon!$C$17 -> 0 | J2: Taux conformité de la page : | K2: =IFERROR(E110/(E110+E111), "0%") -> 0%
A3: ='Critères et tests'!B2 -> Thématique | B3: ='Critères et tests'!$A2 -> n°critères | C3: ='Critères et tests'!$C2 -> Niveau WCAG | D3: ='Critères et tests'!$E2 -> Intitulé des critères | E3: ='P01'!$E3 -> Statut | F3: ='P01'!$F3 -> Transverse | G3: ='P01'!$G3 -> Dérogation | H3: Défauts | I3: ='Critères et tests'!$H2 -> Planification des correctifs | J3: Commentaires | K3: ='P01'!$K3 -> Cause dérogation
A4: ='Critères et tests'!B3 -> IMAGES | B4: ='Critères et tests'!$A3 -> 1.1 | C4: ='Critères et tests'!$C3 -> A | D4: ='Critères et tests'!$E3 -> Chaque image porteuse d’information a-t-elle une alternative textuelle ? | F4: =IF(Transverse!E4="","",Transverse!E4) | I4: ='Critères et tests'!$H3 -> Principale
A5: ='Critères et tests'!B4 -> IMAGES | B5: ='Critères et tests'!$A4 -> 1.2 | C5: ='Critères et tests'!$C4 -> A | D5: ='Critères et tests'!$E4 -> Chaque image de décoration est-elle correctement ignorée par les technologies d’assistance ? | F5: =IF(Transverse!E5="","",Transverse!E5) | I5: ='Critères et tests'!$H4 -> Faible à important
A6: ='Critères et tests'!B5 -> IMAGES | B6: ='Critères et tests'!$A5 -> 1.3 | C6: ='Critères et tests'!$C5 -> A | D6: ='Critères et tests'!$E5 -> Pour chaque image porteuse d'information ayant une alternative textuelle, cette alternative est-elle pertinente (hors cas particuliers) ? | F6: =IF(Transverse!E6="","",Transverse!E6) | I6: ='Critères et tests'!$H5 -> Principale
A7: ='Critères et tests'!B6 -> IMAGES | B7: ='Critères et tests'!$A6 -> 1.4 | C7: ='Critères et tests'!$C6 -> A | D7: ='Critères et tests'!$E6 -> Pour chaque image utilisée comme CAPTCHA ou comme image-test, ayant une alternative textuelle, cette alternative permet-elle d’identifier la nature et la fonction de l’image ? | F7: =IF(Transverse!E7="","",Transverse!E7) | I7: ='Critères et tests'!$H6 -> Principale
A8: ='Critères et tests'!B7 -> IMAGES | B8: ='Critères et tests'!$A7 -> 1.5 | C8: ='Critères et tests'!$C7 -> A | D8: ='Critères et tests'!$E7 -> Pour chaque image utilisée comme CAPTCHA, une solution d’accès alternatif au contenu ou à la fonction du CAPTCHA est-elle présente ? | F8: =IF(Transverse!E8="","",Transverse!E8) | I8: ='Critères et tests'!$H7 -> Principale
A9: ='Critères et tests'!B8 -> IMAGES | B9: ='Critères et tests'!$A8 -> 1.6 | C9: ='Critères et tests'!$C8 -> A | D9: ='Critères et tests'!$E8 -> Chaque image porteuse d’information a-t-elle, si nécessaire, une description détaillée ? | F9: =IF(Transverse!E9="","",Transverse!E9) | I9: ='Critères et tests'!$H8 -> Principale
A10: ='Critères et tests'!B9 -> IMAGES | B10: ='Critères et tests'!$A9 -> 1.7 | C10: ='Critères et tests'!$C9 -> A | D10: ='Critères et tests'!$E9 -> Pour chaque image porteuse d’information ayant une description détaillée, cette description est-elle pertinente ? | F10: =IF(Transverse!E10="","",Transverse!E10) | I10: ='Critères et tests'!$H9 -> Principale
A11: ='Critères et tests'!B10 -> IMAGES | B11: ='Critères et tests'!$A10 -> 1.8 | C11: ='Critères et tests'!$C10 -> AA | D11: ='Critères et tests'!$E10 -> Chaque image texte porteuse d’information, en l’absence d’un mécanisme de remplacement, doit si possible être remplacée par du texte stylé. Cette règle est-elle respectée (hors cas particuliers) ? | F11: =IF(Transverse!E11="","",Transverse!E11) | I11: ='Critères et tests'!$H10 -> Moyen à important
A12: ='Critères et tests'!B11 -> IMAGES | B12: ='Critères et tests'!$A11 -> 1.9 | C12: ='Critères et tests'!$C11 -> A | D12: ='Critères et tests'!$E11 -> Chaque légende d’image est-elle, si nécessaire, correctement reliée à l’image correspondante ? | F12: =IF(Transverse!E12="","",Transverse!E12) | I12: ='Critères et tests'!$H11 -> Important à principale
A13: ='Critères et tests'!B12 -> CADRE | B13: ='Critères et tests'!$A12 -> 2.1 | C13: ='Critères et tests'!$C12 -> A | D13: ='Critères et tests'!$E12 -> Chaque cadre a-t-il un titre de cadre ? | F13: =IF(Transverse!E13="","",Transverse!E13) | I13: ='Critères et tests'!$H12 -> Important à principale
A14: ='Critères et tests'!B13 -> CADRE | B14: ='Critères et tests'!$A13 -> 2.2 | C14: ='Critères et tests'!$C13 -> A | D14: ='Critères et tests'!$E13 -> Pour chaque cadre ayant un titre de cadre, ce titre de cadre est-il pertinent ? | F14: =IF(Transverse!E14="","",Transverse!E14) | I14: ='Critères et tests'!$H13 -> Faible à important
A15: ='Critères et tests'!B14 -> COULEURS | B15: ='Critères et tests'!$A14 -> 3.1 | C15: ='Critères et tests'!$C14 -> A | D15: ='Critères et tests'!$E14 -> Dans chaque page web, l’information ne doit pas être donnée uniquement par la couleur. Cette règle est-elle respectée ? | F15: =IF(Transverse!E15="","",Transverse!E15) | I15: ='Critères et tests'!$H14 -> Faible à important
... A109: ='Critères et tests'!B108 -> CONSULTATION | B109: ='Critères et tests'!$A108 -> 13.12 | C109: ='Critères et tests'!$C108 -> A | D109: ='Critères et tests'!$E108 -> Dans chaque page web, les fonctionnalités qui impliquent un mouvement de l’appareil ou vers l’appareil peuvent-elles être satisfaites de manière alternative (hors cas particuliers) ? | F109: =IF(Transverse!E109="","",Transverse!E109) | I109: ='Critères et tests'!$H108 -> Moyen à important
C110: Résultats par page : | D110: C | E110: =COUNTIF(E4:E109,"C*") -> 0
D111: NC | E111: =COUNTIF(E4:E109,"NC*") -> 0
D112: NA | E112: =COUNTIF(E4:E109,"NA") -> 0

Sheet P07
A1: ='P01'!$A$1 -> Capgemini ♠ | B1: =Échantillon!B1 -> Grille RGAA 4.1.2
C2: Page auditée : | D2: =Échantillon!$B$18 -> 0 | G2: Url : | H2: =Échantillon!$C$18 -> 0 | J2: Taux conformité de la page : | K2: =IFERROR(E110/(E110+E111), "0%") -> 0%
A3: ='Critères et tests'!B2 -> Thématique | B3: ='Critères et tests'!$A2 -> n°critères | C3: ='Critères et tests'!$C2 -> Niveau WCAG | D3: ='Critères et tests'!$E2 -> Intitulé des critères | E3: ='P01'!$E3 -> Statut | F3: ='P01'!$F3 -> Transverse | G3: ='P01'!$G3 -> Dérogation | H3: Défauts | I3: ='Critères et tests'!$H2 -> Planification des correctifs | J3: Commentaires | K3: ='P01'!$K3 -> Cause dérogation
A4: ='Critères et tests'!B3 -> IMAGES | B4: ='Critères et tests'!$A3 -> 1.1 | C4: ='Critères et tests'!$C3 -> A | D4: ='Critères et tests'!$E3 -> Chaque image porteuse d’information a-t-elle une alternative textuelle ? | F4: =IF(Transverse!E4="","",Transverse!E4) | I4: ='Critères et tests'!$H3 -> Principale
A5: ='Critères et tests'!B4 -> IMAGES | B5: ='Critères et tests'!$A4 -> 1.2 | C5: ='Critères et tests'!$C4 -> A | D5: ='Critères et tests'!$E4 -> Chaque image de décoration est-elle correctement ignorée par les technologies d’assistance ? | F5: =IF(Transverse!E5="","",Transverse!E5) | I5: ='Critères et tests'!$H4 -> Faible à important
A6: ='Critères et tests'!B5 -> IMAGES | B6: ='Critères et tests'!$A5 -> 1.3 | C6: ='Critères et tests'!$C5 -> A | D6: ='Critères et tests'!$E5 -> Pour chaque image porteuse d'information ayant une alternative textuelle, cette alternative est-elle pertinente (hors cas particuliers) ? | F6: =IF(Transverse!E6="","",Transverse!E6) | I6: ='Critères et tests'!$H5 -> Principale
A7: ='Critères et tests'!B6 -> IMAGES | B7: ='Critères et tests'!$A6 -> 1.4 | C7: ='Critères et tests'!$C6 -> A | D7: ='Critères et tests'!$E6 -> Pour chaque image utilisée comme CAPTCHA ou comme image-test, ayant une alternative textuelle, cette alternative permet-elle d’identifier la nature et la fonction de l’image ? | F7: =IF(Transverse!E7="","",Transverse!E7) | I7: ='Critères et tests'!$H6 -> Principale
A8: ='Critères et tests'!B7 -> IMAGES | B8: ='Critères et tests'!$A7 -> 1.5 | C8: ='Critères et tests'!$C7 -> A | D8: ='Critères et tests'!$E7 -> Pour chaque image utilisée comme CAPTCHA, une solution d’accès alternatif au contenu ou à la fonction du CAPTCHA est-elle présente ? | F8: =IF(Transverse!E8="","",Transverse!E8) | I8: ='Critères et tests'!$H7 -> Principale
A9: ='Critères et tests'!B8 -> IMAGES | B9: ='Critères et tests'!$A8 -> 1.6 | C9: ='Critères et tests'!$C8 -> A | D9: ='Critères et tests'!$E8 -> Chaque image porteuse d’information a-t-elle, si nécessaire, une description détaillée ? | F9: =IF(Transverse!E9="","",Transverse!E9) | I9: ='Critères et tests'!$H8 -> Principale
A10: ='Critères et tests'!B9 -> IMAGES | B10: ='Critères et tests'!$A9 -> 1.7 | C10: ='Critères et tests'!$C9 -> A | D10: ='Critères et tests'!$E9 -> Pour chaque image porteuse d’information ayant une description détaillée, cette description est-elle pertinente ? | F10: =IF(Transverse!E10="","",Transverse!E10) | I10: ='Critères et tests'!$H9 -> Principale
A11: ='Critères et tests'!B10 -> IMAGES | B11: ='Critères et tests'!$A10 -> 1.8 | C11: ='Critères et tests'!$C10 -> AA | D11: ='Critères et tests'!$E10 -> Chaque image texte porteuse d’information, en l’absence d’un mécanisme de remplacement, doit si possible être remplacée par du texte stylé. Cette règle est-elle respectée (hors cas particuliers) ? | F11: =IF(Transverse!E11="","",Transverse!E11) | I11: ='Critères et tests'!$H10 -> Moyen à important
A12: ='Critères et tests'!B11 -> IMAGES | B12: ='Critères et tests'!$A11 -> 1.9 | C12: ='Critères et tests'!$C11 -> A | D12: ='Critères et tests'!$E11 -> Chaque légende d’image est-elle, si nécessaire, correctement reliée à l’image correspondante ? | F12: =IF(Transverse!E12="","",Transverse!E12) | I12: ='Critères et tests'!$H11 -> Important à principale
A13: ='Critères et tests'!B12 -> CADRE | B13: ='Critères et tests'!$A12 -> 2.1 | C13: ='Critères et tests'!$C12 -> A | D13: ='Critères et tests'!$E12 -> Chaque cadre a-t-il un titre de cadre ? | F13: =IF(Transverse!E13="","",Transverse!E13) | I13: ='Critères et tests'!$H12 -> Important à principale
A14: ='Critères et tests'!B13 -> CADRE | B14: ='Critères et tests'!$A13 -> 2.2 | C14: ='Critères et tests'!$C13 -> A | D14: ='Critères et tests'!$E13 -> Pour chaque cadre ayant un titre de cadre, ce titre de cadre est-il pertinent ? | F14: =IF(Transverse!E14="","",Transverse!E14) | I14: ='Critères et tests'!$H13 -> Faible à important
A15: ='Critères et tests'!B14 -> COULEURS | B15: ='Critères et tests'!$A14 -> 3.1 | C15: ='Critères et tests'!$C14 -> A | D15: ='Critères et tests'!$E14 -> Dans chaque page web, l’information ne doit pas être donnée uniquement par la couleur. Cette règle est-elle respectée ? | F15: =IF(Transverse!E15="","",Transverse!E15) | I15: ='Critères et tests'!$H14 -> Faible à important
... A109: ='Critères et tests'!B108 -> CONSULTATION | B109: ='Critères et tests'!$A108 -> 13.12 | C109: ='Critères et tests'!$C108 -> A | D109: ='Critères et tests'!$E108 -> Dans chaque page web, les fonctionnalités qui impliquent un mouvement de l’appareil ou vers l’appareil peuvent-elles être satisfaites de manière alternative (hors cas particuliers) ? | F109: =IF(Transverse!E109="","",Transverse!E109) | I109: ='Critères et tests'!$H108 -> Moyen à important
C110: Résultats par page : | D110: C | E110: =COUNTIF(E4:E109,"C*") -> 0
D111: NC | E111: =COUNTIF(E4:E109,"NC*") -> 0
D112: NA | E112: =COUNTIF(E4:E109,"NA") -> 0

Sheet P08
A1: ='P01'!$A$1 -> Capgemini ♠ | B1: =Échantillon!B1 -> Grille RGAA 4.1.2
C2: Page auditée : | D2: =Échantillon!$B$19 -> 0 | G2: Url : | H2: =Échantillon!$C$19 -> 0 | J2: Taux conformité de la page : | K2: =IFERROR(E110/(E110+E111), "0%") -> 0%
A3: ='Critères et tests'!B2 -> Thématique | B3: ='Critères et tests'!$A2 -> n°critères | C3: ='Critères et tests'!$C2 -> Niveau WCAG | D3: ='Critères et tests'!$E2 -> Intitulé des critères | E3: ='P01'!$E3 -> Statut | F3: ='P01'!$F3 -> Transverse | G3: ='P01'!$G3 -> Dérogation | H3: Défauts | I3: ='Critères et tests'!$H2 -> Planification des correctifs | J3: Commentaires | K3: ='P01'!$K3 -> Cause dérogation
A4: ='Critères et tests'!B3 -> IMAGES | B4: ='Critères et tests'!$A3 -> 1.1 | C4: ='Critères et tests'!$C3 -> A | D4: ='Critères et tests'!$E3 -> Chaque image porteuse d’information a-t-elle une alternative textuelle ? | F4: =IF(Transverse!E4="","",Transverse!E4) | I4: ='Critères et tests'!$H3 -> Principale
A5: ='Critères et tests'!B4 -> IMAGES | B5: ='Critères et tests'!$A4 -> 1.2 | C5: ='Critères et tests'!$C4 -> A | D5: ='Critères et tests'!$E4 -> Chaque image de décoration est-elle correctement ignorée par les technologies d’assistance ? | F5: =IF(Transverse!E5="","",Transverse!E5) | I5: ='Critères et tests'!$H4 -> Faible à important
A6: ='Critères et tests'!B5 -> IMAGES | B6: ='Critères et tests'!$A5 -> 1.3 | C6: ='Critères et tests'!$C5 -> A | D6: ='Critères et tests'!$E5 -> Pour chaque image porteuse d'information ayant une alternative textuelle, cette alternative est-elle pertinente (hors cas particuliers) ? | F6: =IF(Transverse!E6="","",Transverse!E6) | I6: ='Critères et tests'!$H5 -> Principale
A7: ='Critères et tests'!B6 -> IMAGES | B7: ='Critères et tests'!$A6 -> 1.4 | C7: ='Critères et tests'!$C6 -> A | D7: ='Critères et tests'!$E6 -> Pour chaque image utilisée comme CAPTCHA ou comme image-test, ayant une alternative textuelle, cette alternative permet-elle d’identifier la nature et la fonction de l’image ? | F7: =IF(Transverse!E7="","",Transverse!E7) | I7: ='Critères et tests'!$H6 -> Principale
A8: ='Critères et tests'!B7 -> IMAGES | B8: ='Critères et tests'!$A7 -> 1.5 | C8: ='Critères et tests'!$C7 -> A | D8: ='Critères et tests'!$E7 -> Pour chaque image utilisée comme CAPTCHA, une solution d’accès alternatif au contenu ou à la fonction du CAPTCHA est-elle présente ? | F8: =IF(Transverse!E8="","",Transverse!E8) | I8: ='Critères et tests'!$H7 -> Principale
A9: ='Critères et tests'!B8 -> IMAGES | B9: ='Critères et tests'!$A8 -> 1.6 | C9: ='Critères et tests'!$C8 -> A | D9: ='Critères et tests'!$E8 -> Chaque image porteuse d’information a-t-elle, si nécessaire, une description détaillée ? | F9: =IF(Transverse!E9="","",Transverse!E9) | I9: ='Critères et tests'!$H8 -> Principale
A10: ='Critères et tests'!B9 -> IMAGES | B10: ='Critères et tests'!$A9 -> 1.7 | C10: ='Critères et tests'!$C9 -> A | D10: ='Critères et tests'!$E9 -> Pour chaque image porteuse d’information ayant une description détaillée, cette description est-elle pertinente ? | F10: =IF(Transverse!E10="","",Transverse!E10) | I10: ='Critères et tests'!$H9 -> Principale
A11: ='Critères et tests'!B10 -> IMAGES | B11: ='Critères et tests'!$A10 -> 1.8 | C11: ='Critères et tests'!$C10 -> AA | D11: ='Critères et tests'!$E10 -> Chaque image texte porteuse d’information, en l’absence d’un mécanisme de remplacement, doit si possible être remplacée par du texte stylé. Cette règle est-elle respectée (hors cas particuliers) ? | F11: =IF(Transverse!E11="","",Transverse!E11) | I11: ='Critères et tests'!$H10 -> Moyen à important
A12: ='Critères et tests'!B11 -> IMAGES | B12: ='Critères et tests'!$A11 -> 1.9 | C12: ='Critères et tests'!$C11 -> A | D12: ='Critères et tests'!$E11 -> Chaque légende d’image est-elle, si nécessaire, correctement reliée à l’image correspondante ? | F12: =IF(Transverse!E12="","",Transverse!E12) | I12: ='Critères et tests'!$H11 -> Important à principale
A13: ='Critères et tests'!B12 -> CADRE | B13: ='Critères et tests'!$A12 -> 2.1 | C13: ='Critères et tests'!$C12 -> A | D13: ='Critères et tests'!$E12 -> Chaque cadre a-t-il un titre de cadre ? | F13: =IF(Transverse!E13="","",Transverse!E13) | I13: ='Critères et tests'!$H12 -> Important à principale
A14: ='Critères et tests'!B13 -> CADRE | B14: ='Critères et tests'!$A13 -> 2.2 | C14: ='Critères et tests'!$C13 -> A | D14: ='Critères et tests'!$E13 -> Pour chaque cadre ayant un titre de cadre, ce titre de cadre est-il pertinent ? | F14: =IF(Transverse!E14="","",Transverse!E14) | I14: ='Critères et tests'!$H13 -> Faible à important
A15: ='Critères et tests'!B14 -> COULEURS | B15: ='Critères et tests'!$A14 -> 3.1 | C15: ='Critères et tests'!$C14 -> A | D15: ='Critères et tests'!$E14 -> Dans chaque page web, l’information ne doit pas être donnée uniquement par la couleur. Cette règle est-elle respectée ? | F15: =IF(Transverse!E15="","",Transverse!E15) | I15: ='Critères et tests'!$H14 -> Faible à important
... A109: ='Critères et tests'!B108 -> CONSULTATION | B109: ='Critères et tests'!$A108 -> 13.12 | C109: ='Critères et tests'!$C108 -> A | D109: ='Critères et tests'!$E108 -> Dans chaque page web, les fonctionnalités qui impliquent un mouvement de l’appareil ou vers l’appareil peuvent-elles être satisfaites de manière alternative (hors cas particuliers) ? | F109: =IF(Transverse!E109="","",Transverse!E109) | I109: ='Critères et tests'!$H108 -> Moyen à important
C110: Résultats par page : | D110: C | E110: =COUNTIF(E4:E109,"C*") -> 0
D111: NC | E111: =COUNTIF(E4:E109,"NC*") -> 0
D112: NA | E112: =COUNTIF(E4:E109,"NA") -> 0

Sheet P09
A1: ='P01'!$A$1 -> Capgemini ♠ | B1: =Échantillon!B1 -> Grille RGAA 4.1.2
C2: Page auditée : | D2: =Échantillon!$B$20 -> 0 | G2: Url : | H2: =Échantillon!$C$20 -> 0 | J2: Taux conformité de la page : | K2: =IFERROR(E110/(E110+E111), "0%") -> 0%
A3: ='Critères et tests'!B2 -> Thématique | B3: ='Critères et tests'!$A2 -> n°critères | C3: ='Critères et tests'!$C2 -> Niveau WCAG | D3: ='Critères et tests'!$E2 -> Intitulé des critères | E3: ='P01'!$E3 -> Statut | F3: ='P01'!$F3 -> Transverse | G3: ='P01'!$G3 -> Dérogation | H3: Défauts | I3: ='Critères et tests'!$H2 -> Planification des correctifs | J3: Commentaires | K3: ='P01'!$K3 -> Cause dérogation
A4: ='Critères et tests'!B3 -> IMAGES | B4: ='Critères et tests'!$A3 -> 1.1 | C4: ='Critères et tests'!$C3 -> A | D4: ='Critères et tests'!$E3 -> Chaque image porteuse d’information a-t-elle une alternative textuelle ? | F4: =IF(Transverse!E4="","",Transverse!E4) | I4: ='Critères et tests'!$H3 -> Principale
A5: ='Critères et tests'!B4 -> IMAGES | B5: ='Critères et tests'!$A4 -> 1.2 | C5: ='Critères et tests'!$C4 -> A | D5: ='Critères et tests'!$E4 -> Chaque image de décoration est-elle correctement ignorée par les technologies d’assistance ? | F5: =IF(Transverse!E5="","",Transverse!E5) | I5: ='Critères et tests'!$H4 -> Faible à important
A6: ='Critères et tests'!B5 -> IMAGES | B6: ='Critères et tests'!$A5 -> 1.3 | C6: ='Critères et tests'!$C5 -> A | D6: ='Critères et tests'!$E5 -> Pour chaque image porteuse d'information ayant une alternative textuelle, cette alternative est-elle pertinente (hors cas particuliers) ? | F6: =IF(Transverse!E6="","",Transverse!E6) | I6: ='Critères et tests'!$H5 -> Principale
A7: ='Critères et tests'!B6 -> IMAGES | B7: ='Critères et tests'!$A6 -> 1.4 | C7: ='Critères et tests'!$C6 -> A | D7: ='Critères et tests'!$E6 -> Pour chaque image utilisée comme CAPTCHA ou comme image-test, ayant une alternative textuelle, cette alternative permet-elle d’identifier la nature et la fonction de l’image ? | F7: =IF(Transverse!E7="","",Transverse!E7) | I7: ='Critères et tests'!$H6 -> Principale
A8: ='Critères et tests'!B7 -> IMAGES | B8: ='Critères et tests'!$A7 -> 1.5 | C8: ='Critères et tests'!$C7 -> A | D8: ='Critères et tests'!$E7 -> Pour chaque image utilisée comme CAPTCHA, une solution d’accès alternatif au contenu ou à la fonction du CAPTCHA est-elle présente ? | F8: =IF(Transverse!E8="","",Transverse!E8) | I8: ='Critères et tests'!$H7 -> Principale
A9: ='Critères et tests'!B8 -> IMAGES | B9: ='Critères et tests'!$A8 -> 1.6 | C9: ='Critères et tests'!$C8 -> A | D9: ='Critères et tests'!$E8 -> Chaque image porteuse d’information a-t-elle, si nécessaire, une description détaillée ? | F9: =IF(Transverse!E9="","",Transverse!E9) | I9: ='Critères et tests'!$H8 -> Principale
A10: ='Critères et tests'!B9 -> IMAGES | B10: ='Critères et tests'!$A9 -> 1.7 | C10: ='Critères et tests'!$C9 -> A | D10: ='Critères et tests'!$E9 -> Pour chaque image porteuse d’information ayant une description détaillée, cette description est-elle pertinente ? | F10: =IF(Transverse!E10="","",Transverse!E10) | I10: ='Critères et tests'!$H9 -> Principale
A11: ='Critères et tests'!B10 -> IMAGES | B11: ='Critères et tests'!$A10 -> 1.8 | C11: ='Critères et tests'!$C10 -> AA | D11: ='Critères et tests'!$E10 -> Chaque image texte porteuse d’information, en l’absence d’un mécanisme de remplacement, doit si possible être remplacée par du texte stylé. Cette règle est-elle respectée (hors cas particuliers) ? | F11: =IF(Transverse!E11="","",Transverse!E11) | I11: ='Critères et tests'!$H10 -> Moyen à important
A12: ='Critères et tests'!B11 -> IMAGES | B12: ='Critères et tests'!$A11 -> 1.9 | C12: ='Critères et tests'!$C11 -> A | D12: ='Critères et tests'!$E11 -> Chaque légende d’image est-elle, si nécessaire, correctement reliée à l’image correspondante ? | F12: =IF(Transverse!E12="","",Transverse!E12) | I12: ='Critères et tests'!$H11 -> Important à principale
A13: ='Critères et tests'!B12 -> CADRE | B13: ='Critères et tests'!$A12 -> 2.1 | C13: ='Critères et tests'!$C12 -> A | D13: ='Critères et tests'!$E12 -> Chaque cadre a-t-il un titre de cadre ? | F13: =IF(Transverse!E13="","",Transverse!E13) | I13: ='Critères et tests'!$H12 -> Important à principale
A14: ='Critères et tests'!B13 -> CADRE | B14: ='Critères et tests'!$A13 -> 2.2 | C14: ='Critères et tests'!$C13 -> A | D14: ='Critères et tests'!$E13 -> Pour chaque cadre ayant un titre de cadre, ce titre de cadre est-il pertinent ? | F14: =IF(Transverse!E14="","",Transverse!E14) | I14: ='Critères et tests'!$H13 -> Faible à important
A15: ='Critères et tests'!B14 -> COULEURS | B15: ='Critères et tests'!$A14 -> 3.1 | C15: ='Critères et tests'!$C14 -> A | D15: ='Critères et tests'!$E14 -> Dans chaque page web, l’information ne doit pas être donnée uniquement par la couleur. Cette règle est-elle respectée ? | F15: =IF(Transverse!E15="","",Transverse!E15) | I15: ='Critères et tests'!$H14 -> Faible à important
... A109: ='Critères et tests'!B108 -> CONSULTATION | B109: ='Critères et tests'!$A108 -> 13.12 | C109: ='Critères et tests'!$C108 -> A | D109: ='Critères et tests'!$E108 -> Dans chaque page web, les fonctionnalités qui impliquent un mouvement de l’appareil ou vers l’appareil peuvent-elles être satisfaites de manière alternative (hors cas particuliers) ? | F109: =IF(Transverse!E109="","",Transverse!E109) | I109: ='Critères et tests'!$H108 -> Moyen à important
C110: Résultats par page : | D110: C | E110: =COUNTIF(E4:E109,"C*") -> 0
D111: NC | E111: =COUNTIF(E4:E109,"NC*") -> 0
D112: NA | E112: =COUNTIF(E4:E109,"NA") -> 0

Sheet P10
A1: ='P01'!$A$1 -> Capgemini ♠ | B1: =Échantillon!B1 -> Grille RGAA 4.1.2
C2: Page auditée : | D2: =Échantillon!$B$21 -> 0 | G2: Url : | H2: =Échantillon!$C$21 -> 0 | J2: Taux conformité de la page : | K2: =IFERROR(E110/(E110+E111), "0%") -> 0%
A3: ='Critères et tests'!B2 -> Thématique | B3: ='Critères et tests'!$A2 -> n°critères | C3: ='Critères et tests'!$C2 -> Niveau WCAG | D3: ='Critères et tests'!$E2 -> Intitulé des critères | E3: ='P01'!$E3 -> Statut | F3: ='P01'!$F3 -> Transverse | G3: ='P01'!$G3 -> Dérogation | H3: Défauts | I3: ='Critères et tests'!$H2 -> Planification des correctifs | J3: Commentaires | K3: ='P01'!$K3 -> Cause dérogation
A4: ='Critères et tests'!B3 -> IMAGES | B4: ='Critères et tests'!$A3 -> 1.1 | C4: ='Critères et tests'!$C3 -> A | D4: ='Critères et tests'!$E3 -> Chaque image porteuse d’information a-t-elle une alternative textuelle ? | F4: =IF(Transverse!E4="","",Transverse!E4) | I4: ='Critères et tests'!$H3 -> Principale
A5: ='Critères et tests'!B4 -> IMAGES | B5: ='Critères et tests'!$A4 -> 1.2 | C5: ='Critères et tests'!$C4 -> A | D5: ='Critères et tests'!$E4 -> Chaque image de décoration est-elle correctement ignorée par les technologies d’assistance ? | F5: =IF(Transverse!E5="","",Transverse!E5) | I5: ='Critères et tests'!$H4 -> Faible à important
A6: ='Critères et tests'!B5 -> IMAGES | B6: ='Critères et tests'!$A5 -> 1.3 | C6: ='Critères et tests'!$C5 -> A | D6: ='Critères et tests'!$E5 -> Pour chaque image porteuse d'information ayant une alternative textuelle, cette alternative est-elle pertinente (hors cas particuliers) ? | F6: =IF(Transverse!E6="","",Transverse!E6) | I6: ='Critères et tests'!$H5 -> Principale
A7: ='Critères et tests'!B6 -> IMAGES | B7: ='Critères et tests'!$A6 -> 1.4 | C7: ='Critères et tests'!$C6 -> A | D7: ='Critères et tests'!$E6 -> Pour chaque image utilisée comme CAPTCHA ou comme image-test, ayant une alternative textuelle, cette alternative permet-elle d’identifier la nature et la fonction de l’image ? | F7: =IF(Transverse!E7="","",Transverse!E7) | I7: ='Critères et tests'!$H6 -> Principale
A8: ='Critères et tests'!B7 -> IMAGES | B8: ='Critères et tests'!$A7 -> 1.5 | C8: ='Critères et tests'!$C7 -> A | D8: ='Critères et tests'!$E7 -> Pour chaque image utilisée comme CAPTCHA, une solution d’accès alternatif au contenu ou à la fonction du CAPTCHA est-elle présente ? | F8: =IF(Transverse!E8="","",Transverse!E8) | I8: ='Critères et tests'!$H7 -> Principale
A9: ='Critères et tests'!B8 -> IMAGES | B9: ='Critères et tests'!$A8 -> 1.6 | C9: ='Critères et tests'!$C8 -> A | D9: ='Critères et tests'!$E8 -> Chaque image porteuse d’information a-t-elle, si nécessaire, une description détaillée ? | F9: =IF(Transverse!E9="","",Transverse!E9) | I9: ='Critères et tests'!$H8 -> Principale
A10: ='Critères et tests'!B9 -> IMAGES | B10: ='Critères et tests'!$A9 -> 1.7 | C10: ='Critères et tests'!$C9 -> A | D10: ='Critères et tests'!$E9 -> Pour chaque image porteuse d’information ayant une description détaillée, cette description est-elle pertinente ? | F10: =IF(Transverse!E10="","",Transverse!E10) | I10: ='Critères et tests'!$H9 -> Principale
A11: ='Critères et tests'!B10 -> IMAGES | B11: ='Critères et tests'!$A10 -> 1.8 | C11: ='Critères et tests'!$C10 -> AA | D11: ='Critères et tests'!$E10 -> Chaque image texte porteuse d’information, en l’absence d’un mécanisme de remplacement, doit si possible être remplacée par du texte stylé. Cette règle est-elle respectée (hors cas particuliers) ? | F11: =IF(Transverse!E11="","",Transverse!E11) | I11: ='Critères et tests'!$H10 -> Moyen à important
A12: ='Critères et tests'!B11 -> IMAGES | B12: ='Critères et tests'!$A11 -> 1.9 | C12: ='Critères et tests'!$C11 -> A | D12: ='Critères et tests'!$E11 -> Chaque légende d’image est-elle, si nécessaire, correctement reliée à l’image correspondante ? | F12: =IF(Transverse!E12="","",Transverse!E12) | I12: ='Critères et tests'!$H11 -> Important à principale
A13: ='Critères et tests'!B12 -> CADRE | B13: ='Critères et tests'!$A12 -> 2.1 | C13: ='Critères et tests'!$C12 -> A | D13: ='Critères et tests'!$E12 -> Chaque cadre a-t-il un titre de cadre ? | F13: =IF(Transverse!E13="","",Transverse!E13) | I13: ='Critères et tests'!$H12 -> Important à principale
A14: ='Critères et tests'!B13 -> CADRE | B14: ='Critères et tests'!$A13 -> 2.2 | C14: ='Critères et tests'!$C13 -> A | D14: ='Critères et tests'!$E13 -> Pour chaque cadre ayant un titre de cadre, ce titre de cadre est-il pertinent ? | F14: =IF(Transverse!E14="","",Transverse!E14) | I14: ='Critères et tests'!$H13 -> Faible à important
A15: ='Critères et tests'!B14 -> COULEURS | B15: ='Critères et tests'!$A14 -> 3.1 | C15: ='Critères et tests'!$C14 -> A | D15: ='Critères et tests'!$E14 -> Dans chaque page web, l’information ne doit pas être donnée uniquement par la couleur. Cette règle est-elle respectée ? | F15: =IF(Transverse!E15="","",Transverse!E15) | I15: ='Critères et tests'!$H14 -> Faible à important
... A109: ='Critères et tests'!B108 -> CONSULTATION | B109: ='Critères et tests'!$A108 -> 13.12 | C109: ='Critères et tests'!$C108 -> A | D109: ='Critères et tests'!$E108 -> Dans chaque page web, les fonctionnalités qui impliquent un mouvement de l’appareil ou vers l’appareil peuvent-elles être satisfaites de manière alternative (hors cas particuliers) ? | F109: =IF(Transverse!E109="","",Transverse!E109) | I109: ='Critères et tests'!$H108 -> Moyen à important
C110: Résultats par page : | D110: C | E110: =COUNTIF(E4:E109,"C*") -> 0
D111: NC | E111: =COUNTIF(E4:E109,"NC*") -> 0
D112: NA | E112: =COUNTIF(E4:E109,"NA") -> 0

Sheet P11
A1: ='P01'!$A$1 -> Capgemini ♠ | B1: =Échantillon!B1 -> Grille RGAA 4.1.2
C2: Page auditée : | D2: =Échantillon!$B$22 -> 0 | G2: Url : | H2: =Échantillon!$C$22 -> 0 | J2: Taux conformité de la page : | K2: =IFERROR(E110/(E110+E111), "0%") -> 0%
A3: ='Critères et tests'!B2 -> Thématique | B3: ='Critères et tests'!$A2 -> n°critères | C3: ='Critères et tests'!$C2 -> Niveau WCAG | D3: ='Critères et tests'!$E2 -> Intitulé des critères | E3: ='P01'!$E3 -> Statut | F3: ='P01'!$F3 -> Transverse | G3: ='P01'!$G3 -> Dérogation | H3: Défauts | I3: ='Critères et tests'!$H2 -> Planification des correctifs | J3: Commentaires | K3: ='P01'!$K3 -> Cause dérogation
A4: ='Critères et tests'!B3 -> IMAGES | B4: ='Critères et tests'!$A3 -> 1.1 | C4: ='Critères et tests'!$C3 -> A | D4: ='Critères et tests'!$E3 -> Chaque image porteuse d’information a-t-elle une alternative textuelle ? | F4: =IF(Transverse!E4="","",Transverse!E4) | I4: ='Critères et tests'!$H3 -> Principale
A5: ='Critères et tests'!B4 -> IMAGES | B5: ='Critères et tests'!$A4 -> 1.2 | C5: ='Critères et tests'!$C4 -> A | D5: ='Critères et tests'!$E4 -> Chaque image de décoration est-elle correctement ignorée par les technologies d’assistance ? | F5: =IF(Transverse!E5="","",Transverse!E5) | I5: ='Critères et tests'!$H4 -> Faible à important
A6: ='Critères et tests'!B5 -> IMAGES | B6: ='Critères et tests'!$A5 -> 1.3 | C6: ='Critères et tests'!$C5 -> A | D6: ='Critères et tests'!$E5 -> Pour chaque image porteuse d'information ayant une alternative textuelle, cette alternative est-elle pertinente (hors cas particuliers) ? | F6: =IF(Transverse!E6="","",Transverse!E6) | I6: ='Critères et tests'!$H5 -> Principale
A7: ='Critères et tests'!B6 -> IMAGES | B7: ='Critères et tests'!$A6 -> 1.4 | C7: ='Critères et tests'!$C6 -> A | D7: ='Critères et tests'!$E6 -> Pour chaque image utilisée comme CAPTCHA ou comme image-test, ayant une alternative textuelle, cette alternative permet-elle d’identifier la nature et la fonction de l’image ? | F7: =IF(Transverse!E7="","",Transverse!E7) | I7: ='Critères et tests'!$H6 -> Principale
A8: ='Critères et tests'!B7 -> IMAGES | B8: ='Critères et tests'!$A7 -> 1.5 | C8: ='Critères et tests'!$C7 -> A | D8: ='Critères et tests'!$E7 -> Pour chaque image utilisée comme CAPTCHA, une solution d’accès alternatif au contenu ou à la fonction du CAPTCHA est-elle présente ? | F8: =IF(Transverse!E8="","",Transverse!E8) | I8: ='Critères et tests'!$H7 -> Principale
A9: ='Critères et tests'!B8 -> IMAGES | B9: ='Critères et tests'!$A8 -> 1.6 | C9: ='Critères et tests'!$C8 -> A | D9: ='Critères et tests'!$E8 -> Chaque image porteuse d’information a-t-elle, si nécessaire, une description détaillée ? | F9: =IF(Transverse!E9="","",Transverse!E9) | I9: ='Critères et tests'!$H8 -> Principale
A10: ='Critères et tests'!B9 -> IMAGES | B10: ='Critères et tests'!$A9 -> 1.7 | C10: ='Critères et tests'!$C9 -> A | D10: ='Critères et tests'!$E9 -> Pour chaque image porteuse d’information ayant une description détaillée, cette description est-elle pertinente ? | F10: =IF(Transverse!E10="","",Transverse!E10) | I10: ='Critères et tests'!$H9 -> Principale
A11: ='Critères et tests'!B10 -> IMAGES | B11: ='Critères et tests'!$A10 -> 1.8 | C11: ='Critères et tests'!$C10 -> AA | D11: ='Critères et tests'!$E10 -> Chaque image texte porteuse d’information, en l’absence d’un mécanisme de remplacement, doit si possible être remplacée par du texte stylé. Cette règle est-elle respectée (hors cas particuliers) ? | F11: =IF(Transverse!E11="","",Transverse!E11) | I11: ='Critères et tests'!$H10 -> Moyen à important
A12: ='Critères et tests'!B11 -> IMAGES | B12: ='Critères et tests'!$A11 -> 1.9 | C12: ='Critères et tests'!$C11 -> A | D12: ='Critères et tests'!$E11 -> Chaque légende d’image est-elle, si nécessaire, correctement reliée à l’image correspondante ? | F12: =IF(Transverse!E12="","",Transverse!E12) | I12: ='Critères et tests'!$H11 -> Important à principale
A13: ='Critères et tests'!B12 -> CADRE | B13: ='Critères et tests'!$A12 -> 2.1 | C13: ='Critères et tests'!$C12 -> A | D13: ='Critères et tests'!$E12 -> Chaque cadre a-t-il un titre de cadre ? | F13: =IF(Transverse!E13="","",Transverse!E13) | I13: ='Critères et tests'!$H12 -> Important à principale
A14: ='Critères et tests'!B13 -> CADRE | B14: ='Critères et tests'!$A13 -> 2.2 | C14: ='Critères et tests'!$C13 -> A | D14: ='Critères et tests'!$E13 -> Pour chaque cadre ayant un titre de cadre, ce titre de cadre est-il pertinent ? | F14: =IF(Transverse!E14="","",Transverse!E14) | I14: ='Critères et tests'!$H13 -> Faible à important
A15: ='Critères et tests'!B14 -> COULEURS | B15: ='Critères et tests'!$A14 -> 3.1 | C15: ='Critères et tests'!$C14 -> A | D15: ='Critères et tests'!$E14 -> Dans chaque page web, l’information ne doit pas être donnée uniquement par la couleur. Cette règle est-elle respectée ? | F15: =IF(Transverse!E15="","",Transverse!E15) | I15: ='Critères et tests'!$H14 -> Faible à important
... A109: ='Critères et tests'!B108 -> CONSULTATION | B109: ='Critères et tests'!$A108 -> 13.12 | C109: ='Critères et tests'!$C108 -> A | D109: ='Critères et tests'!$E108 -> Dans chaque page web, les fonctionnalités qui impliquent un mouvement de l’appareil ou vers l’appareil peuvent-elles être satisfaites de manière alternative (hors cas particuliers) ? | F109: =IF(Transverse!E109="","",Transverse!E109) | I109: ='Critères et tests'!$H108 -> Moyen à important
C110: Résultats par page : | D110: C | E110: =COUNTIF(E4:E109,"C*") -> 0
D111: NC | E111: =COUNTIF(E4:E109,"NC*") -> 0
D112: NA | E112: =COUNTIF(E4:E109,"NA") -> 0

Sheet P12
A1: ='P01'!$A$1 -> Capgemini ♠ | B1: =Échantillon!B1 -> Grille RGAA 4.1.2
C2: Page auditée : | D2: =Échantillon!$B$23 -> 0 | G2: Url : | H2: =Échantillon!$C$23 -> 0 | J2: Taux conformité de la page : | K2: =IFERROR(E110/(E110+E111), "0%") -> 0%
A3: ='Critères et tests'!B2 -> Thématique | B3: ='Critères et tests'!$A2 -> n°critères | C3: ='Critères et tests'!$C2 -> Niveau WCAG | D3: ='Critères et tests'!$E2 -> Intitulé des critères | E3: ='P01'!$E3 -> Statut | F3: ='P01'!$F3 -> Transverse | G3: ='P01'!$G3 -> Dérogation | H3: Défauts | I3: ='Critères et tests'!$H2 -> Planification des correctifs | J3: Commentaires | K3: ='P01'!$K3 -> Cause dérogation
A4: ='Critères et tests'!B3 -> IMAGES | B4: ='Critères et tests'!$A3 -> 1.1 | C4: ='Critères et tests'!$C3 -> A | D4: ='Critères et tests'!$E3 -> Chaque image porteuse d’information a-t-elle une alternative textuelle ? | F4: =IF(Transverse!E4="","",Transverse!E4) | I4: ='Critères et tests'!$H3 -> Principale
A5: ='Critères et tests'!B4 -> IMAGES | B5: ='Critères et tests'!$A4 -> 1.2 | C5: ='Critères et tests'!$C4 -> A | D5: ='Critères et tests'!$E4 -> Chaque image de décoration est-elle correctement ignorée par les technologies d’assistance ? | F5: =IF(Transverse!E5="","",Transverse!E5) | I5: ='Critères et tests'!$H4 -> Faible à important
A6: ='Critères et tests'!B5 -> IMAGES | B6: ='Critères et tests'!$A5 -> 1.3 | C6: ='Critères et tests'!$C5 -> A | D6: ='Critères et tests'!$E5 -> Pour chaque image porteuse d'information ayant une alternative textuelle, cette alternative est-elle pertinente (hors cas particuliers) ? | F6: =IF(Transverse!E6="","",Transverse!E6) | I6: ='Critères et tests'!$H5 -> Principale
A7: ='Critères et tests'!B6 -> IMAGES | B7: ='Critères et tests'!$A6 -> 1.4 | C7: ='Critères et tests'!$C6 -> A | D7: ='Critères et tests'!$E6 -> Pour chaque image utilisée comme CAPTCHA ou comme image-test, ayant une alternative textuelle, cette alternative permet-elle d’identifier la nature et la fonction de l’image ? | F7: =IF(Transverse!E7="","",Transverse!E7) | I7: ='Critères et tests'!$H6 -> Principale
A8: ='Critères et tests'!B7 -> IMAGES | B8: ='Critères et tests'!$A7 -> 1.5 | C8: ='Critères et tests'!$C7 -> A | D8: ='Critères et tests'!$E7 -> Pour chaque image utilisée comme CAPTCHA, une solution d’accès alternatif au contenu ou à la fonction du CAPTCHA est-elle présente ? | F8: =IF(Transverse!E8="","",Transverse!E8) | I8: ='Critères et tests'!$H7 -> Principale
A9: ='Critères et tests'!B8 -> IMAGES | B9: ='Critères et tests'!$A8 -> 1.6 | C9: ='Critères et tests'!$C8 -> A | D9: ='Critères et tests'!$E8 -> Chaque image porteuse d’information a-t-elle, si nécessaire, une description détaillée ? | F9: =IF(Transverse!E9="","",Transverse!E9) | I9: ='Critères et tests'!$H8 -> Principale
A10: ='Critères et tests'!B9 -> IMAGES | B10: ='Critères et tests'!$A9 -> 1.7 | C10: ='Critères et tests'!$C9 -> A | D10: ='Critères et tests'!$E9 -> Pour chaque image porteuse d’information ayant une description détaillée, cette description est-elle pertinente ? | F10: =IF(Transverse!E10="","",Transverse!E10) | I10: ='Critères et tests'!$H9 -> Principale
A11: ='Critères et tests'!B10 -> IMAGES | B11: ='Critères et tests'!$A10 -> 1.8 | C11: ='Critères et tests'!$C10 -> AA | D11: ='Critères et tests'!$E10 -> Chaque image texte porteuse d’information, en l’absence d’un mécanisme de remplacement, doit si possible être remplacée par du texte stylé. Cette règle est-elle respectée (hors cas particuliers) ? | F11: =IF(Transverse!E11="","",Transverse!E11) | I11: ='Critères et tests'!$H10 -> Moyen à important
A12: ='Critères et tests'!B11 -> IMAGES | B12: ='Critères et tests'!$A11 -> 1.9 | C12: ='Critères et tests'!$C11 -> A | D12: ='Critères et tests'!$E11 -> Chaque légende d’image est-elle, si nécessaire, correctement reliée à l’image correspondante ? | F12: =IF(Transverse!E12="","",Transverse!E12) | I12: ='Critères et tests'!$H11 -> Important à principale
A13: ='Critères et tests'!B12 -> CADRE | B13: ='Critères et tests'!$A12 -> 2.1 | C13: ='Critères et tests'!$C12 -> A | D13: ='Critères et tests'!$E12 -> Chaque cadre a-t-il un titre de cadre ? | F13: =IF(Transverse!E13="","",Transverse!E13) | I13: ='Critères et tests'!$H12 -> Important à principale
A14: ='Critères et tests'!B13 -> CADRE | B14: ='Critères et tests'!$A13 -> 2.2 | C14: ='Critères et tests'!$C13 -> A | D14: ='Critères et tests'!$E13 -> Pour chaque cadre ayant un titre de cadre, ce titre de cadre est-il pertinent ? | F14: =IF(Transverse!E14="","",Transverse!E14) | I14: ='Critères et tests'!$H13 -> Faible à important
A15: ='Critères et tests'!B14 -> COULEURS | B15: ='Critères et tests'!$A14 -> 3.1 | C15: ='Critères et tests'!$C14 -> A | D15: ='Critères et tests'!$E14 -> Dans chaque page web, l’information ne doit pas être donnée uniquement par la couleur. Cette règle est-elle respectée ? | F15: =IF(Transverse!E15="","",Transverse!E15) | I15: ='Critères et tests'!$H14 -> Faible à important
... A109: ='Critères et tests'!B108 -> CONSULTATION | B109: ='Critères et tests'!$A108 -> 13.12 | C109: ='Critères et tests'!$C108 -> A | D109: ='Critères et tests'!$E108 -> Dans chaque page web, les fonctionnalités qui impliquent un mouvement de l’appareil ou vers l’appareil peuvent-elles être satisfaites de manière alternative (hors cas particuliers) ? | F109: =IF(Transverse!E109="","",Transverse!E109) | I109: ='Critères et tests'!$H108 -> Moyen à important
C110: Résultats par page : | D110: C | E110: =COUNTIF(E4:E109,"C*") -> 0
D111: NC | E111: =COUNTIF(E4:E109,"NC*") -> 0
D112: NA | E112: =COUNTIF(E4:E109,"NA") -> 0

Sheet P13
A1: ='P01'!$A$1 -> Capgemini ♠ | B1: =Échantillon!B1 -> Grille RGAA 4.1.2
C2: Page auditée : | D2: =Échantillon!$B$24 -> 0 | G2: Url : | H2: =Échantillon!$C$24 -> 0 | J2: Taux conformité de la page : | K2: =IFERROR(E110/(E110+E111), "0%") -> 0%
A3: ='Critères et tests'!B2 -> Thématique | B3: ='Critères et tests'!$A2 -> n°critères | C3: ='Critères et tests'!$C2 -> Niveau WCAG | D3: ='Critères et tests'!$E2 -> Intitulé des critères | E3: ='P01'!$E3 -> Statut | F3: ='P01'!$F3 -> Transverse | G3: ='P01'!$G3 -> Dérogation | H3: Défauts | I3: ='Critères et tests'!$H2 -> Planification des correctifs | J3: Commentaires | K3: ='P01'!$K3 -> Cause dérogation
A4: ='Critères et tests'!B3 -> IMAGES | B4: ='Critères et tests'!$A3 -> 1.1 | C4: ='Critères et tests'!$C3 -> A | D4: ='Critères et tests'!$E3 -> Chaque image porteuse d’information a-t-elle une alternative textuelle ? | F4: =IF(Transverse!E4="","",Transverse!E4) | I4: ='Critères et tests'!$H3 -> Principale
A5: ='Critères et tests'!B4 -> IMAGES | B5: ='Critères et tests'!$A4 -> 1.2 | C5: ='Critères et tests'!$C4 -> A | D5: ='Critères et tests'!$E4 -> Chaque image de décoration est-elle correctement ignorée par les technologies d’assistance ? | F5: =IF(Transverse!E5="","",Transverse!E5) | I5: ='Critères et tests'!$H4 -> Faible à important
A6: ='Critères et tests'!B5 -> IMAGES | B6: ='Critères et tests'!$A5 -> 1.3 | C6: ='Critères et tests'!$C5 -> A | D6: ='Critères et tests'!$E5 -> Pour chaque image porteuse d'information ayant une alternative textuelle, cette alternative est-elle pertinente (hors cas particuliers) ? | F6: =IF(Transverse!E6="","",Transverse!E6) | I6: ='Critères et tests'!$H5 -> Principale
A7: ='Critères et tests'!B6 -> IMAGES | B7: ='Critères et tests'!$A6 -> 1.4 | C7: ='Critères et tests'!$C6 -> A | D7: ='Critères et tests'!$E6 -> Pour chaque image utilisée comme CAPTCHA ou comme image-test, ayant une alternative textuelle, cette alternative permet-elle d’identifier la nature et la fonction de l’image ? | F7: =IF(Transverse!E7="","",Transverse!E7) | I7: ='Critères et tests'!$H6 -> Principale
A8: ='Critères et tests'!B7 -> IMAGES | B8: ='Critères et tests'!$A7 -> 1.5 | C8: ='Critères et tests'!$C7 -> A | D8: ='Critères et tests'!$E7 -> Pour chaque image utilisée comme CAPTCHA, une solution d’accès alternatif au contenu ou à la fonction du CAPTCHA est-elle présente ? | F8: =IF(Transverse!E8="","",Transverse!E8) | I8: ='Critères et tests'!$H7 -> Principale
A9: ='Critères et tests'!B8 -> IMAGES | B9: ='Critères et tests'!$A8 -> 1.6 | C9: ='Critères et tests'!$C8 -> A | D9: ='Critères et tests'!$E8 -> Chaque image porteuse d’information a-t-elle, si nécessaire, une description détaillée ? | F9: =IF(Transverse!E9="","",Transverse!E9) | I9: ='Critères et tests'!$H8 -> Principale
A10: ='Critères et tests'!B9 -> IMAGES | B10: ='Critères et tests'!$A9 -> 1.7 | C10: ='Critères et tests'!$C9 -> A | D10: ='Critères et tests'!$E9 -> Pour chaque image porteuse d’information ayant une description détaillée, cette description est-elle pertinente ? | F10: =IF(Transverse!E10="","",Transverse!E10) | I10: ='Critères et tests'!$H9 -> Principale
A11: ='Critères et tests'!B10 -> IMAGES | B11: ='Critères et tests'!$A10 -> 1.8 | C11: ='Critères et tests'!$C10 -> AA | D11: ='Critères et tests'!$E10 -> Chaque image texte porteuse d’information, en l’absence d’un mécanisme de remplacement, doit si possible être remplacée par du texte stylé. Cette règle est-elle respectée (hors cas particuliers) ? | F11: =IF(Transverse!E11="","",Transverse!E11) | I11: ='Critères et tests'!$H10 -> Moyen à important
A12: ='Critères et tests'!B11 -> IMAGES | B12: ='Critères et tests'!$A11 -> 1.9 | C12: ='Critères et tests'!$C11 -> A | D12: ='Critères et tests'!$E11 -> Chaque légende d’image est-elle, si nécessaire, correctement reliée à l’image correspondante ? | F12: =IF(Transverse!E12="","",Transverse!E12) | I12: ='Critères et tests'!$H11 -> Important à principale
A13: ='Critères et tests'!B12 -> CADRE | B13: ='Critères et tests'!$A12 -> 2.1 | C13: ='Critères et tests'!$C12 -> A | D13: ='Critères et tests'!$E12 -> Chaque cadre a-t-il un titre de cadre ? | F13: =IF(Transverse!E13="","",Transverse!E13) | I13: ='Critères et tests'!$H12 -> Important à principale
A14: ='Critères et tests'!B13 -> CADRE | B14: ='Critères et tests'!$A13 -> 2.2 | C14: ='Critères et tests'!$C13 -> A | D14: ='Critères et tests'!$E13 -> Pour chaque cadre ayant un titre de cadre, ce titre de cadre est-il pertinent ? | F14: =IF(Transverse!E14="","",Transverse!E14) | I14: ='Critères et tests'!$H13 -> Faible à important
A15: ='Critères et tests'!B14 -> COULEURS | B15: ='Critères et tests'!$A14 -> 3.1 | C15: ='Critères et tests'!$C14 -> A | D15: ='Critères et tests'!$E14 -> Dans chaque page web, l’information ne doit pas être donnée uniquement par la couleur. Cette règle est-elle respectée ? | F15: =IF(Transverse!E15="","",Transverse!E15) | I15: ='Critères et tests'!$H14 -> Faible à important
... A109: ='Critères et tests'!B108 -> CONSULTATION | B109: ='Critères et tests'!$A108 -> 13.12 | C109: ='Critères et tests'!$C108 -> A | D109: ='Critères et tests'!$E108 -> Dans chaque page web, les fonctionnalités qui impliquent un mouvement de l’appareil ou vers l’appareil peuvent-elles être satisfaites de manière alternative (hors cas particuliers) ? | F109: =IF(Transverse!E109="","",Transverse!E109) | I109: ='Critères et tests'!$H108 -> Moyen à important
C110: Résultats par page : | D110: C | E110: =COUNTIF(E4:E109,"C*") -> 0
D111: NC | E111: =COUNTIF(E4:E109,"NC*") -> 0
D112: NA | E112: =COUNTIF(E4:E109,"NA") -> 0

Sheet P14
A1: ='P01'!$A$1 -> Capgemini ♠ | B1: =Échantillon!B1 -> Grille RGAA 4.1.2
C2: Page auditée : | D2: =Échantillon!$B$25 -> 0 | G2: Url : | H2: =Échantillon!$C$25 -> 0 | J2: Taux conformité de la page : | K2: =IFERROR(E110/(E110+E111), "0%") -> 0%
A3: ='Critères et tests'!B2 -> Thématique | B3: ='Critères et tests'!$A2 -> n°critères | C3: ='Critères et tests'!$C2 -> Niveau WCAG | D3: ='Critères et tests'!$E2 -> Intitulé des critères | E3: ='P01'!$E3 -> Statut | F3: ='P01'!$F3 -> Transverse | G3: ='P01'!$G3 -> Dérogation | H3: Défauts | I3: ='Critères et tests'!$H2 -> Planification des correctifs | J3: Commentaires | K3: ='P01'!$K3 -> Cause dérogation
A4: ='Critères et tests'!B3 -> IMAGES | B4: ='Critères et tests'!$A3 -> 1.1 | C4: ='Critères et tests'!$C3 -> A | D4: ='Critères et tests'!$E3 -> Chaque image porteuse d’information a-t-elle une alternative textuelle ? | F4: =IF(Transverse!E4="","",Transverse!E4) | I4: ='Critères et tests'!$H3 -> Principale
A5: ='Critères et tests'!B4 -> IMAGES | B5: ='Critères et tests'!$A4 -> 1.2 | C5: ='Critères et tests'!$C4 -> A | D5: ='Critères et tests'!$E4 -> Chaque image de décoration est-elle correctement ignorée par les technologies d’assistance ? | F5: =IF(Transverse!E5="","",Transverse!E5) | I5: ='Critères et tests'!$H4 -> Faible à important
A6: ='Critères et tests'!B5 -> IMAGES | B6: ='Critères et tests'!$A5 -> 1.3 | C6: ='Critères et tests'!$C5 -> A | D6: ='Critères et tests'!$E5 -> Pour chaque image porteuse d'information ayant une alternative textuelle, cette alternative est-elle pertinente (hors cas particuliers) ? | F6: =IF(Transverse!E6="","",Transverse!E6) | I6: ='Critères et tests'!$H5 -> Principale
A7: ='Critères et tests'!B6 -> IMAGES | B7: ='Critères et tests'!$A6 -> 1.4 | C7: ='Critères et tests'!$C6 -> A | D7: ='Critères et tests'!$E6 -> Pour chaque image utilisée comme CAPTCHA ou comme image-test, ayant une alternative textuelle, cette alternative permet-elle d’identifier la nature et la fonction de l’image ? | F7: =IF(Transverse!E7="","",Transverse!E7) | I7: ='Critères et tests'!$H6 -> Principale
A8: ='Critères et tests'!B7 -> IMAGES | B8: ='Critères et tests'!$A7 -> 1.5 | C8: ='Critères et tests'!$C7 -> A | D8: ='Critères et tests'!$E7 -> Pour chaque image utilisée comme CAPTCHA, une solution d’accès alternatif au contenu ou à la fonction du CAPTCHA est-elle présente ? | F8: =IF(Transverse!E8="","",Transverse!E8) | I8: ='Critères et tests'!$H7 -> Principale
A9: ='Critères et tests'!B8 -> IMAGES | B9: ='Critères et tests'!$A8 -> 1.6 | C9: ='Critères et tests'!$C8 -> A | D9: ='Critères et tests'!$E8 -> Chaque image porteuse d’information a-t-elle, si nécessaire, une description détaillée ? | F9: =IF(Transverse!E9="","",Transverse!E9) | I9: ='Critères et tests'!$H8 -> Principale
A10: ='Critères et tests'!B9 -> IMAGES | B10: ='Critères et tests'!$A9 -> 1.7 | C10: ='Critères et tests'!$C9 -> A | D10: ='Critères et tests'!$E9 -> Pour chaque image porteuse d’information ayant une description détaillée, cette description est-elle pertinente ? | F10: =IF(Transverse!E10="","",Transverse!E10) | I10: ='Critères et tests'!$H9 -> Principale
A11: ='Critères et tests'!B10 -> IMAGES | B11: ='Critères et tests'!$A10 -> 1.8 | C11: ='Critères et tests'!$C10 -> AA | D11: ='Critères et tests'!$E10 -> Chaque image texte porteuse d’information, en l’absence d’un mécanisme de remplacement, doit si possible être remplacée par du texte stylé. Cette règle est-elle respectée (hors cas particuliers) ? | F11: =IF(Transverse!E11="","",Transverse!E11) | I11: ='Critères et tests'!$H10 -> Moyen à important
A12: ='Critères et tests'!B11 -> IMAGES | B12: ='Critères et tests'!$A11 -> 1.9 | C12: ='Critères et tests'!$C11 -> A | D12: ='Critères et tests'!$E11 -> Chaque légende d’image est-elle, si nécessaire, correctement reliée à l’image correspondante ? | F12: =IF(Transverse!E12="","",Transverse!E12) | I12: ='Critères et tests'!$H11 -> Important à principale
A13: ='Critères et tests'!B12 -> CADRE | B13: ='Critères et tests'!$A12 -> 2.1 | C13: ='Critères et tests'!$C12 -> A | D13: ='Critères et tests'!$E12 -> Chaque cadre a-t-il un titre de cadre ? | F13: =IF(Transverse!E13="","",Transverse!E13) | I13: ='Critères et tests'!$H12 -> Important à principale
A14: ='Critères et tests'!B13 -> CADRE | B14: ='Critères et tests'!$A13 -> 2.2 | C14: ='Critères et tests'!$C13 -> A | D14: ='Critères et tests'!$E13 -> Pour chaque cadre ayant un titre de cadre, ce titre de cadre est-il pertinent ? | F14: =IF(Transverse!E14="","",Transverse!E14) | I14: ='Critères et tests'!$H13 -> Faible à important
A15: ='Critères et tests'!B14 -> COULEURS | B15: ='Critères et tests'!$A14 -> 3.1 | C15: ='Critères et tests'!$C14 -> A | D15: ='Critères et tests'!$E14 -> Dans chaque page web, l’information ne doit pas être donnée uniquement par la couleur. Cette règle est-elle respectée ? | F15: =IF(Transverse!E15="","",Transverse!E15) | I15: ='Critères et tests'!$H14 -> Faible à important
... A109: ='Critères et tests'!B108 -> CONSULTATION | B109: ='Critères et tests'!$A108 -> 13.12 | C109: ='Critères et tests'!$C108 -> A | D109: ='Critères et tests'!$E108 -> Dans chaque page web, les fonctionnalités qui impliquent un mouvement de l’appareil ou vers l’appareil peuvent-elles être satisfaites de manière alternative (hors cas particuliers) ? | F109: =IF(Transverse!E109="","",Transverse!E109) | I109: ='Critères et tests'!$H108 -> Moyen à important
C110: Résultats par page : | D110: C | E110: =COUNTIF(E4:E109,"C*") -> 0
D111: NC | E111: =COUNTIF(E4:E109,"NC*") -> 0
D112: NA | E112: =COUNTIF(E4:E109,"NA") -> 0

Sheet P15
A1: ='P01'!$A$1 -> Capgemini ♠ | B1: =Échantillon!B1 -> Grille RGAA 4.1.2
C2: Page auditée : | D2: =Échantillon!$B$26 -> 0 | G2: Url : | H2: =Échantillon!$C$26 -> 0 | J2: Taux conformité de la page : | K2: =IFERROR(E110/(E110+E111), "0%") -> 0%
A3: ='Critères et tests'!B2 -> Thématique | B3: ='Critères et tests'!$A2 -> n°critères | C3: ='Critères et tests'!$C2 -> Niveau WCAG | D3: ='Critères et tests'!$E2 -> Intitulé des critères | E3: ='P01'!$E3 -> Statut | F3: ='P01'!$F3 -> Transverse | G3: ='P01'!$G3 -> Dérogation | H3: Défauts | I3: ='Critères et tests'!$H2 -> Planification des correctifs | J3: Commentaires | K3: ='P01'!$K3 -> Cause dérogation
A4: ='Critères et tests'!B3 -> IMAGES | B4: ='Critères et tests'!$A3 -> 1.1 | C4: ='Critères et tests'!$C3 -> A | D4: ='Critères et tests'!$E3 -> Chaque image porteuse d’information a-t-elle une alternative textuelle ? | F4: =IF(Transverse!E4="","",Transverse!E4) | I4: ='Critères et tests'!$H3 -> Principale
A5: ='Critères et tests'!B4 -> IMAGES | B5: ='Critères et tests'!$A4 -> 1.2 | C5: ='Critères et tests'!$C4 -> A | D5: ='Critères et tests'!$E4 -> Chaque image de décoration est-elle correctement ignorée par les technologies d’assistance ? | F5: =IF(Transverse!E5="","",Transverse!E5) | I5: ='Critères et tests'!$H4 -> Faible à important
A6: ='Critères et tests'!B5 -> IMAGES | B6: ='Critères et tests'!$A5 -> 1.3 | C6: ='Critères et tests'!$C5 -> A | D6: ='Critères et tests'!$E5 -> Pour chaque image porteuse d'information ayant une alternative textuelle, cette alternative est-elle pertinente (hors cas particuliers) ? | F6: =IF(Transverse!E6="","",Transverse!E6) | I6: ='Critères et tests'!$H5 -> Principale
A7: ='Critères et tests'!B6 -> IMAGES | B7: ='Critères et tests'!$A6 -> 1.4 | C7: ='Critères et tests'!$C6 -> A | D7: ='Critères et tests'!$E6 -> Pour chaque image utilisée comme CAPTCHA ou comme image-test, ayant une alternative textuelle, cette alternative permet-elle d’identifier la nature et la fonction de l’image ? | F7: =IF(Transverse!E7="","",Transverse!E7) | I7: ='Critères et tests'!$H6 -> Principale
A8: ='Critères et tests'!B7 -> IMAGES | B8: ='Critères et tests'!$A7 -> 1.5 | C8: ='Critères et tests'!$C7 -> A | D8: ='Critères et tests'!$E7 -> Pour chaque image utilisée comme CAPTCHA, une solution d’accès alternatif au contenu ou à la fonction du CAPTCHA est-elle présente ? | F8: =IF(Transverse!E8="","",Transverse!E8) | I8: ='Critères et tests'!$H7 -> Principale
A9: ='Critères et tests'!B8 -> IMAGES | B9: ='Critères et tests'!$A8 -> 1.6 | C9: ='Critères et tests'!$C8 -> A | D9: ='Critères et tests'!$E8 -> Chaque image porteuse d’information a-t-elle, si nécessaire, une description détaillée ? | F9: =IF(Transverse!E9="","",Transverse!E9) | I9: ='Critères et tests'!$H8 -> Principale
A10: ='Critères et tests'!B9 -> IMAGES | B10: ='Critères et tests'!$A9 -> 1.7 | C10: ='Critères et tests'!$C9 -> A | D10: ='Critères et tests'!$E9 -> Pour chaque image porteuse d’information ayant une description détaillée, cette description est-elle pertinente ? | F10: =IF(Transverse!E10="","",Transverse!E10) | I10: ='Critères et tests'!$H9 -> Principale
A11: ='Critères et tests'!B10 -> IMAGES | B11: ='Critères et tests'!$A10 -> 1.8 | C11: ='Critères et tests'!$C10 -> AA | D11: ='Critères et tests'!$E10 -> Chaque image texte porteuse d’information, en l’absence d’un mécanisme de remplacement, doit si possible être remplacée par du texte stylé. Cette règle est-elle respectée (hors cas particuliers) ? | F11: =IF(Transverse!E11="","",Transverse!E11) | I11: ='Critères et tests'!$H10 -> Moyen à important
A12: ='Critères et tests'!B11 -> IMAGES | B12: ='Critères et tests'!$A11 -> 1.9 | C12: ='Critères et tests'!$C11 -> A | D12: ='Critères et tests'!$E11 -> Chaque légende d’image est-elle, si nécessaire, correctement reliée à l’image correspondante ? | F12: =IF(Transverse!E12="","",Transverse!E12) | I12: ='Critères et tests'!$H11 -> Important à principale
A13: ='Critères et tests'!B12 -> CADRE | B13: ='Critères et tests'!$A12 -> 2.1 | C13: ='Critères et tests'!$C12 -> A | D13: ='Critères et tests'!$E12 -> Chaque cadre a-t-il un titre de cadre ? | F13: =IF(Transverse!E13="","",Transverse!E13) | I13: ='Critères et tests'!$H12 -> Important à principale
A14: ='Critères et tests'!B13 -> CADRE | B14: ='Critères et tests'!$A13 -> 2.2 | C14: ='Critères et tests'!$C13 -> A | D14: ='Critères et tests'!$E13 -> Pour chaque cadre ayant un titre de cadre, ce titre de cadre est-il pertinent ? | F14: =IF(Transverse!E14="","",Transverse!E14) | I14: ='Critères et tests'!$H13 -> Faible à important
A15: ='Critères et tests'!B14 -> COULEURS | B15: ='Critères et tests'!$A14 -> 3.1 | C15: ='Critères et tests'!$C14 -> A | D15: ='Critères et tests'!$E14 -> Dans chaque page web, l’information ne doit pas être donnée uniquement par la couleur. Cette règle est-elle respectée ? | F15: =IF(Transverse!E15="","",Transverse!E15) | I15: ='Critères et tests'!$H14 -> Faible à important
... A109: ='Critères et tests'!B108 -> CONSULTATION | B109: ='Critères et tests'!$A108 -> 13.12 | C109: ='Critères et tests'!$C108 -> A | D109: ='Critères et tests'!$E108 -> Dans chaque page web, les fonctionnalités qui impliquent un mouvement de l’appareil ou vers l’appareil peuvent-elles être satisfaites de manière alternative (hors cas particuliers) ? | F109: =IF(Transverse!E109="","",Transverse!E109) | I109: ='Critères et tests'!$H108 -> Moyen à important
C110: Résultats par page : | D110: C | E110: =COUNTIF(E4:E109,"C*") -> 0
D111: NC | E111: =COUNTIF(E4:E109,"NC*") -> 0
D112: NA | E112: =COUNTIF(E4:E109,"NA") -> 0

Sheet P16
A1: ='P01'!$A$1 -> Capgemini ♠ | B1: =Échantillon!B1 -> Grille RGAA 4.1.2
C2: Page auditée : | D2: =Échantillon!$B$27 -> 0 | G2: Url : | H2: =Échantillon!$C$27 -> 0 | J2: Taux conformité de la page : | K2: =IFERROR(E110/(E110+E111), "0%") -> 0%
